ein,object_id,exec_comp
460844608,201841359349206934,0
462310732,201803169349202580,0
455501750,201841359349203229,0
270797087,201803139349201610,0
812174742,201813329349200711,56986
237048817,201930599349200918,0
822667035,201803449349200110,0
814325149,201811769349200046,30500
272521608,201833119349200808,0
474159875,201713319349200006,17709
472144671,201813169349202996,24750
475297578,201823069349200862,0
203822162,201842649349200124,90350
200518670,201813189349203431,0
931268523,201833199349201723,40870
462464012,201713199349208761,10500
462005159,201811669349200506,22513
900111740,201823139349200962,57000
943055803,201842419349200729,6000
931070832,201803419349200515,0
472672518,201833129349201573,0
931142642,201822559349200332,0
936099167,201833549349200763,0
710958638,201803179349202185,0
812482516,201833199349207858,20803
751535002,201833179349204063,63005
261925411,201812049349200831,0
474310479,201803179349201080,69250
453366145,201713189349200131,0
43549245,201823209349200722,0
571191574,201822259349200332,0
510458157,201822839349200037,59151
931003195,201900109349200525,0
453764014,201813039349201166,0
931309770,201823189349206357,14049
474752247,201813179349204216,0
936028976,201931029349200313,0
473527156,201831039349200808,22015
812940849,201842849349200039,0
930948164,201803179349201245,32221
931236371,201823189349205657,0
720809404,201902529349200910,0
300224915,201823139349201477,0
910977708,201932259349200928,0
931215202,201911559349200121,0
931326335,201811389349200136,0
931232566,201910089349201066,41888
930849041,201803479349200025,0
311726227,201843459349200619,58840
931129694,201902399349200700,0
911787074,201921169349200852,0
930825782,201940869349200309,0
352448580,201802979349200920,0
205915188,201901899349200815,0
931075960,201841349349202884,0
823174942,201932559349200503,76800
930991012,201940649349200634,0
930984036,201812929349200616,0
161332235,201832479349201003,0
931114902,201942359349200084,0
931266917,201900989349200750,13204
261777589,201911349349201921,0
800019915,201931359349206853,0
931317590,201921939349200767,0
800229948,201901069349200110,34300
931057037,201843199349207254,0
412190889,201910659349200306,0
931113774,201723539349200507,0
931298147,201823109349200442,0
480983789,201931519349200113,0
931296155,201932059349200723,114604
453603079,201842129349200139,0
931096342,201821919349200247,44320
271368950,201902419349200810,0
931307857,201843199349207159,14395
943112820,201921009349200127,0
931268862,201843179349202149,14637
611693223,201831349349203368,50377
475077856,201911219349200201,0
472713987,201932109349200243,50400
611551935,201921359349205507,36755
820916174,201941019349200834,11150
611794364,201841599349200679,26301
931068087,201930439349200518,25919
800548430,201901439349200440,0
208768923,201823169349201032,32815
931261412,201943029349200124,0
930594784,201823419349200117,0
471253863,201901349349201495,0
311682683,201921309349203157,52037
271336063,201922469349200007,87000
237237233,201932209349200318,0
264687871,201930569349200538,0
470918273,201930449349200508,0
462855155,201920619349200602,0
272430848,201901359349207570,0
943399504,201911169349200801,0
930972984,201930459349201063,0
272124566,201813199349207881,18500
463106746,201942079349200609,0
930643670,201901269349201260,0
810762712,201940679349200539,0
943027883,201803199349201740,0
141858512,201812279349201356,72000
204695171,201921169349200617,150000
911835082,201803169349202180,0
943114128,201901349349205785,0
911848275,201931929349200223,54000
270102203,201811319349201946,28896
911826451,201921349349202517,0
274083780,201931359349204318,0
911827339,201941289349201139,0
680671396,201920389349200322,76942
237303154,201931339349201743,0
455455476,201900929349200735,0
943101421,201803199349207015,0
943110224,201920249349200517,0
930865175,201902999349200305,39083
208443275,201921339349201737,37271
510152357,201941729349200734,0
460958790,201931279349201113,0
43585480,201802859349200420,36612
237065108,201921039349200717,0
264769427,201833559349200403,41600
760704869,201911439349200311,0
911804542,201823169349200737,0
237050719,201813059349200641,15200
263924840,201912489349200336,89465
943150636,201941339349203989,0
464998689,201801319349202305,0
237128195,201940369349200629,0
931123991,201802259349200870,0
274404972,201930319349200213,56775
562653566,201803099349200740,0
452508860,201942119349200129,0
311624440,201813069349200141,0
472304060,201912569349200906,0
931027344,201911659349200406,0
472091648,201912579349200701,0
930868697,201822959349200777,0
274116297,201942249349200904,18830
811991879,201920459349200397,0
930229514,201833129349201963,0
812851205,201812409349200336,0
300568275,201942409349200249,0
813195809,201823069349201202,19992
931282723,201833189349206558,23500
813371890,201931339349201623,6046
272044727,201822209349200437,0
930826647,201832399349200018,0
770591023,201832609349200888,0
273017623,201942959349201104,0
930819967,201822769349200022,0
931314754,201843199349207209,30771
931240331,201801349349202195,31500
300865288,201831949349200533,0
943140850,201922279349201612,0
204944364,201930539349200913,0
931158976,201833199349203738,0
931148184,201823199349200807,0
680494059,201942629349200519,0
812950094,201823419349200112,0
450970086,201921349349202942,0
930935172,201941309349202024,55122
270838801,201833199349203253,16600
931295041,201942539349200649,0
930796867,201813159349200211,0
900662139,201831359349203068,31551
465345507,201932279349200133,0
50632305,201802819349200245,35667
300017853,201931129349200333,0
930587688,201803139349201235,0
453345053,201813199349207526,0
542177095,201931349349205598,34045
943029558,201921499349200232,55000
203507294,201920829349200402,35157
710922164,201833189349204048,97440
931269138,201910509349201011,7210
930820126,201921009349200612,0
521434437,201840309349200859,2800
911830046,201941309349200719,0
770229817,201803319349200400,24900
930884701,201813449349200621,0
931014717,201833549349200123,0
204679619,201833489349200618,0
911770148,201900989349200705,0
113698646,201802889349201385,62000
61056334,201842229349200434,0
752977111,201931299349200948,4000
300110884,201931349349205713,0
930864873,201940719349200314,0
264790198,201932469349200093,109224
474415732,201803199349206260,0
237226681,201842579349200239,0
931100917,201901019349200875,0
473373831,201900619349200115,0
452697899,201901869349200705,18000
721529281,201911309349200986,34320
813009316,201833109349201183,0
200905821,201911349349201041,46228
931193267,201930319349200538,0
824918728,201942579349200514,3500
930989722,201942699349201029,0
943096771,201703179349204075,0
471643310,201941979349200714,0
931331568,201921919349200522,0
273148479,201922599349201187,0
262239916,201811359349205596,0
870763085,201901359349204695,38352
10731775,201940289349200349,0
710916574,201921829349200842,65310
931235402,201932619349200703,0
271003508,201802699349200750,0
831243720,201922139349200317,0
931114182,201930819349200703,0
930653280,201911989349200531,36720
462438435,201841359349200209,0
364816040,201930949349200633,0
931043526,201920189349200907,0
474088854,201842369349200024,23000
931096410,201912279349201576,22800
274374019,201921209349200787,0
930780300,201930159349200533,0
931001389,201912779349200636,139929
621856948,201911829349200301,0
943065359,201833139349201273,29848
202808129,201941349349203419,95718
814905914,201802139349200615,1988
364591149,201912839349201006,6173
454200585,201922069349200632,0
930795264,201940579349200414,0
260733729,201931359349205733,0
462428202,201900949349200530,37600
452096351,201801359349205790,0
931261974,201911239349200746,0
931018684,201911349349201541,0
742934302,201822009349200772,92704
931233605,201941709349200334,0
463371625,201803559349200710,28020
931305525,201811579349200321,25452
453700432,201812509349200036,0
911747155,201941839349200029,46545
202800673,201912359349200156,52407
930620928,201912679349200721,89962
800702135,201842859349201104,0
203064454,201912249349200606,0
472861903,201921339349203647,0
936040643,201941279349200644,24745
930883883,201813199349204901,41420
830426130,201821649349200242,0
475012121,201813189349204091,0
821116795,201910569349200021,22000
462175446,201921349349201877,0
930952202,201912179349200351,28800
930964130,201911339349204386,0
200414784,201902819349200025,30000
471080138,201931359349204508,0
930670232,201813549349200516,0
270802580,201822909349200817,10290
810878316,201813139349201801,0
930691194,201922669349200717,0
930791946,201911639349200201,0
930816862,201842819349200114,0
936040900,201803179349204050,0
462044991,201922959349200042,87221
931219286,201900589349200325,0
200733873,201942559349200604,0
471089244,201941989349200204,70417
208809195,201932489349200428,0
930570878,201940669349200709,0
611552309,201833189349206123,0
475622033,201843199349204474,0
943032557,201802229349200010,0
930878596,201931919349200423,18000
205741162,201931689349200238,0
454882405,201902139349200335,0
930798455,201922429349200337,0
274094762,201943049349200334,41683
823142830,201901229349200625,0
611475497,201930659349200048,25490
462554780,201900529349200725,65500
800374613,201931789349200013,0
472852580,201802929349200320,6100
943150642,201942349349200959,5840
931292596,201930739349200823,39543
930832550,201900409349200115,0
453478841,201841299349201944,9814
931121608,201843199349203904,0
820556436,201813199349204296,9625
931178086,201813559349200511,68852
930880111,201931619349200128,32482
463219131,201902499349200420,0
471826506,201931599349200303,36391
263926266,201921359349203767,25786
205488335,201941139349200214,0
202936487,201921619349200447,54700
204235740,201843129349200639,0
931331912,201920669349200132,0
930737312,201941169349200739,0
475343686,201912479349200906,1400
472327643,201843149349200504,0
412183857,201921359349202492,13380
930812837,201910109349201176,0
911708963,201941659349200244,0
931259732,201930109349200318,0
462348752,201921339349202437,12500
931306314,201931969349200348,0
464119141,201911339349202536,76500
931120908,201931359349203853,36042
900700219,201921429349200907,0
931000906,201843169349202744,79124
813874094,201930399349200728,24997
454058053,201812609349200321,40500
930814486,201922279349201172,0
204974161,201931639349200803,0
930461863,201941419349200614,64495
931116641,201902079349200010,22075
731137098,201921219349200912,0
352239724,201901989349200815,7035
822036220,201930519349200203,65592
264575033,201812899349200621,69991
473868030,201822279349200797,14000
930810244,201930439349200018,0
753020474,201941349349202629,0
930843715,201932689349200713,10700
271122359,201902249349200425,0
263325303,201800379349200000,44400
465064866,201803119349201850,30547
800742627,201803179349203820,0
911820719,201942529349200854,0
931195546,201911039349200101,4233
931133919,201921169349200512,0
930878196,201910749349200241,0
824325263,201911619349200801,0
936031557,201822989349200617,0
263316353,201941549349200439,0
943098613,201921339349203407,18000
261514610,201902339349200130,42660
936033841,201922249349200012,0
473924692,201931339349201348,10850
463319273,201833199349206988,30700
930568347,201930199349200403,54373
931309645,201901359349200405,0
261860830,201803199349205670,0
263675851,201941719349200234,0
931028728,201943049349200424,29330
936039301,201910989349200331,0
274447688,201900919349200300,0
203125804,201831019349200508,35985
930736311,201910189349200506,44446
936091486,201833189349204593,0
800843364,201931289349201233,0
930853507,201940109349201304,0
931303368,201803189349202515,0
930807425,201942199349200094,1920
341987249,201921379349200527,0
943213736,201931359349206163,37245
454272251,201921969349201302,0
911806376,201902279349201580,0
930916847,201921309349200422,0
931057210,201922679349200132,0
931325725,201941359349203969,0
463366970,201823059349201407,17275
931249461,201833139349201983,0
371534151,201941799349200424,0
455190265,201901349349205500,39696
930741893,201823099349201342,0
455579768,201902939349200600,0
930882320,201932569349200228,0
936032137,201921839349200547,0
272850103,201920859349200517,0
931234637,201911349349200401,0
320174243,201931369349200953,61760
475278461,201813199349209201,0
931102230,201903049349201165,62732
812272628,201921419349200532,20028
811420026,201911489349200226,60000
462145159,201822709349200047,0
273219479,201800959349200335,0
204117517,201920469349200132,0
931136196,201802019349200630,82351
330715197,201931989349200813,0
450645281,201921359349204802,0
454229642,201903049349200320,62400
261675500,201911349349201101,27775
454692730,201931359349206493,25350
800605662,201801699349200615,0
364714437,201821339349200222,55889
931043197,201900429349200485,0
931243660,201900569349200730,30812
237035908,201942389349200769,0
462888758,201811359349205736,15000
205270198,201941309349202084,0
261571878,201823139349200742,0
931001144,201900729349200315,60280
931128460,201931929349200448,0
270239462,201800109349200720,0
222501689,201910229349200206,0
931166961,201910339349200706,0
931266381,201941009349200424,0
260799085,201803289349200700,0
453239706,201832419349200223,0
472941489,201911699349200626,0
800900455,201942429349200814,0
936021898,201932479349200708,0
943032558,201823529349200012,0
931320953,201922279349201667,0
205390859,201941639349200324,51218
870747592,201900529349200200,0
320399394,201900989349200800,0
464152123,201803199349209210,53308
911951506,201713199349205616,7334
262147632,201931339349204663,0
931309528,201901359349202780,0
930814021,201833529349200503,0
931302993,201802839349201105,23675
811735941,201912389349201251,5492
912141467,201902549349200345,0
710916370,201823109349201507,0
270866019,201931629349200638,0
861164211,201941199349200784,0
205658787,201842839349200849,6000
200792434,201843249349200009,32811
931043318,201842889349201224,0
931100605,201822479349200337,0
931303202,201813179349203506,0
237253910,201931339349202263,0
931068471,201930979349200313,0
931099151,201901359349204170,0
931312097,201823179349201162,15624
450705509,201901359349203315,0
680642107,201833139349202018,0
930732527,201900109349201450,0
237128182,201901209349201115,0
472556483,201812889349201216,0
931256837,201813179349202291,0
830330168,201842689349200629,0
800392544,201930849349200008,33816
930556265,201942679349200539,0
271460295,201900369349200850,0
931273704,201803119349201765,0
208552744,201941649349200639,40680
931300413,201902319349200220,0
931100015,201920099349200812,3000
454725836,201801349349203185,22163
930832026,201831869349200218,0
800555010,201811419349201111,0
931007304,201811789349200526,0
931320362,201802819349200740,0
273395052,201910709349200951,0
821959548,201833199349201553,0
465623264,201823199349203862,0
161668474,201930729349200238,0
931224982,201833139349201933,0
462929473,201831359349203783,22848
462422881,201910659349200606,0
943070287,201843139349201274,54193
930989382,201941359349206334,11415
931148572,201921359349206387,0
320264253,201940379349200519,0
931248921,201912599349200896,0
930593474,201942389349200959,14790
931187452,201922189349200422,0
936039287,201843069349201074,0
453804465,201911969349201251,0
930900124,201843199349208479,0
453535051,201723229349200107,0
473126062,201910709349200806,0
821708155,201911619349200141,0
431957038,201930359349200008,12109
510186089,201940389349200409,0
811240824,201920919349200032,2000
930871100,201922539349200722,0
931244631,201911439349200141,0
270390419,201940629349200254,48381
931008583,201900369349200720,0
930952478,201922479349200912,0
474417880,201822559349200247,0
264241318,201931359349206363,0
930854225,201713189349203071,0
471528881,201930619349200118,0
20530982,201822439349200712,0
931261322,201941359349205889,32058
931051679,201832439349200128,0
931144215,201940309349200324,4530
931287540,201823039349201067,0
260434627,201803169349202605,0
320380426,201813199349208966,0
274007843,201833109349200408,3550
930959838,201920549349200312,0
930852734,201912679349200901,0
311789360,201812989349200901,0
452853024,201921719349200127,0
272507688,201911409349200146,0
936030702,201910469349200961,0
261314524,201843179349203654,0
931014376,201940469349200329,0
203070208,201812779349200736,0
930835504,201802769349200120,0
930441683,201900659349200335,45662
352549878,201931269349201563,0
931101518,201912319349200336,0
452406097,201843059349201124,48000
812994600,201833199349207508,0
911806360,201910499349200601,0
261236926,201723179349201767,0
930881666,201940949349200319,0
341406307,201901239349201065,0
275028426,201801359349206560,339500
273221349,201911379349200226,0
931310468,201901059349201030,0
931188463,201843199349209134,0
461007539,201921309349201532,29730
936030812,201941359349203554,0
931118959,201930459349201053,0
931034202,201842839349200549,0
931165587,201723079349201322,15285
943179354,201831319349203053,0
931277844,201941299349200934,0
320148522,201911779349200421,0
204353857,201922319349200602,0
237154726,201922559349200727,0
931232245,201901899349200610,36868
931328096,201832679349200428,0
263844398,201931339349204753,66364
943140888,201912469349200756,0
237355533,201932279349201563,0
201418824,201842569349200139,0
931030325,201931339349203893,0
931286864,201901239349200995,0
473730290,201931069349200118,30000
30498375,201940439349200319,0
452983344,201920369349200852,51042
813445882,201931769349200518,0
271155282,201940469349200144,0
931161859,201823059349200812,0
262659701,201723179349201017,37000
931325720,201911899349200811,0
263177583,201901339349204245,60000
260656723,201823069349200922,0
474247572,201931349349201463,8500
203488320,201920619349200622,0
731702864,201912489349201061,0
263709943,201921569349200632,0
930840425,201803109349200135,0
943139402,201922409349200047,0
812059185,201902769349200040,42050
930715635,201743199349200704,0
821499794,201813199349209091,0
520885499,201911779349200726,0
911183406,201930749349200003,0
931059611,201941419349200759,0
931218008,201932529349200523,50000
930677386,201813109349201171,0
462416826,201931349349205413,0
261703290,201931359349205683,38735
931239140,201940179349200124,17190
822488480,201921099349200307,12536
930902327,201920429349200567,0
930999814,201803559349200110,0
270075988,201843199349204804,0
800939282,201823199349205572,0
930754220,201931939349200643,48500
453562471,201803309349200905,0
936030654,201811839349200031,0
930832517,201941359349203744,0
510178471,201902769349200525,0
811661342,201941359349202169,0
931319472,201821249349200892,0
202738888,201812119349200136,0
930717774,201823199349206557,11000
200103990,201911059349200146,0
930745601,201940369349200334,0
911818651,201833039349200798,0
815435956,201941359349205809,0
464190613,201941579349200809,0
237283106,201940709349200754,0
465304963,201940659349200759,35000
331092387,201921359349202357,0
392053712,201930779349200763,0
931308934,201910569349200526,0
320292948,201910369349200851,0
201794052,201921059349201202,0
822193718,201911929349200901,0
460879155,201941239349200894,0
930873618,201813179349201736,0
931221500,201912959349200441,0
813687019,201830469349200838,0
452469278,201901299349200045,0
930600192,201942569349200389,39162
931322928,201922219349200612,0
460650800,201841359349206659,0
510222873,201920529349200442,41400
261984677,201822579349200957,0
830349998,201941079349200429,0
462572495,201902969349201000,1950
931298564,201801359349204060,0
931093005,201843539349200309,0
461825220,201901349349205860,0
821471306,201911349349205551,0
237009363,201912609349200301,0
930425213,201823109349201182,41234
931289808,201900749349200215,0
821589694,201843519349200029,0
943123141,201911349349206166,30200
273214817,201941359349200009,0
813815765,201941289349201294,0
930723826,201803119349201710,11300
931222733,201920109349201022,39961
455417793,201813179349203501,0
270342071,201901579349200630,0
464594941,201901359349203585,0
461150374,201843199349208329,0
272703426,201911349349206051,0
205874921,201913029349201011,0
562453079,201901359349205600,0
201560742,201911409349200016,0
930856787,201902199349200345,0
364737622,201901299349202010,32768
861115400,201922269349200342,0
931156570,201941349349204844,0
204366867,201811299349201786,0
471159278,201901349349205775,68529
262640899,201921339349204762,0
300372437,201802229349200910,0
931224895,201912939349200501,10800
474837503,201813199349207741,63992
263350335,201941349349203664,0
931269813,201812199349200781,0
931111482,201833189349205173,0
943077832,201843169349202189,10008
812875088,201901429349200435,0
300640434,201902489349200125,37457
272132905,201921309349202727,77000
811259778,201940429349200749,9780
202387091,201833059349200993,0
237393221,201803459349200020,0
931076232,201833479349200318,0
943082526,201931299349201223,0
931197526,201900589349200760,0
930739365,201930849349200723,0
931310653,201901349349206200,21320
541945858,201941549349200204,0
943162643,201940359349200029,84917
464364813,201803199349203595,0
473226622,201921989349200427,0
930627178,201922209349200802,0
800323013,201931279349201268,26459
911784103,201931199349200878,0
930697597,201833199349200008,0
943055121,201823129349200447,0
472067593,201911649349200431,0
453402851,201931309349202533,0
472199188,201931499349200313,0
943068754,201920429349200432,0
911786034,201821349349205272,0
270156634,201902989349200030,0
205425511,201912249349200906,21600
931205666,201932399349200623,57708
936039298,201833199349204553,0
132896023,201911409349200521,1950
431964348,201843189349206559,0
930675706,201941979349200244,0
931191043,201813559349200116,34950
813580809,201931089349200318,0
930684662,201942489349200959,0
930963764,201833199349208838,0
930515139,201940589349200519,25555
930991316,201942259349201214,0
472328706,201822559349200022,0
930937822,201911289349201721,0
930722363,201832239349200508,37440
550788576,201823119349201057,0
455253153,201911239349201051,0
930631540,201803209349201210,0
811327469,201942039349200149,0
472678893,201833199349204068,0
931249244,201813129349201006,0
454798068,201942519349200159,82893
205961423,201812969349200546,0
931092676,201833169349200138,0
943147572,201931359349204608,0
936039346,201931359349200413,0
222868942,201911349349200906,0
201154327,201831459349200118,0
270976354,201931549349200248,0
237448369,201831359349206103,0
205186851,201911359349205001,30075
931308915,201703179349202145,0
20730472,201803179349202600,0
474751730,201910959349200101,48600
930859235,201921299349201497,13730
270642562,201803329349200710,9140
931298223,201931899349200413,0
936033823,201942569349200549,0
931249676,201843419349200604,0
205896121,201813489349200536,0
202592689,201802619349200535,0
364759346,201802149349200235,43657
931300238,201703409349200315,0
814076476,201900989349200100,0
208248790,201813189349205991,3250
931036770,201910739349200016,0
930950362,201941919349200744,71832
930699928,201941229349201129,0
841218142,201823129349201932,37169
203465334,201910739349200531,0
454624912,201833199349203828,0
470927318,201921359349205682,0
463711288,201902529349200955,0
273029312,201921239349200992,0
931255123,201930809349200823,0
743063424,201811349349204191,46000
201927900,201813139349201926,0
270222794,201921349349205817,0
260339483,201912389349200806,0
200195229,201912359349200176,0
931007918,201931039349200203,27500
930710456,201941359349206554,0
473249039,201931489349200443,54000
931232023,201901429349200870,26766
931247063,201902759349200225,50000
931156831,201843049349200934,0
931156374,201922889349201197,0
461982582,201833139349200628,0
263387217,201823189349203952,0
900845394,201942639349200319,0
930868731,201901309349202875,0
452767344,201921349349202342,0
930683391,201900499349200215,0
930745506,201943029349200209,7080
823642672,201901349349205020,9583
342037685,201940109349200519,0
455077945,201941429349200429,0
930708173,201843119349201804,0
472465842,201911309349202916,74644
205449967,201911349349204411,0
931094132,201831359349205878,41446
930701289,201902179349200285,0
931253154,201920229349200117,0
900097197,201840469349200424,0
930713773,201820459349200117,0
200107265,201733249349200323,0
936090014,201941369349201164,0
263131443,201813179349201971,0
200635999,201833189349205268,0
931256343,201932339349200643,0
454715889,201910659349200511,54000
931251883,201932269349201163,0
262383037,201813189349203131,52275
474317743,201841319349202619,0
330384251,201832609349201188,0
930639814,201931339349201733,0
237173303,201813189349204256,0
453325263,201913019349200966,24067
800403776,201801359349202825,0
510167059,201823129349201927,0
473395007,201901829349200140,10680
930957752,201911349349204736,0
931281695,201821979349200767,0
383886799,201900399349200410,64674
870752985,201802569349200540,0
474538646,201900669349200140,30000
331069687,201940579349200234,0
300808779,201823179349201077,0
463150231,201911359349207371,0
270657106,201921199349200862,0
930801962,201931339349200123,0
931180465,201921689349200207,0
264819577,201901319349200015,0
611603693,201802579349200805,0
821458662,201931199349200233,0
471248900,201831359349207218,12000
134358819,201941349349202979,0
611631023,201932339349200518,51290
931166559,201802679349200515,0
271981769,201833139349201708,82534
931217256,201802549349200610,1600
203006967,201902049349200510,0
931133972,201931349349202203,0
463095862,201833209349200518,13960
824559361,201941359349200514,0
371760615,201931359349206698,0
930590838,201813199349207506,0
812591712,201823099349201457,0
930853666,201911659349200731,0
931311954,201930809349200313,0
474822765,201932179349200318,0
931269832,201930809349200003,0
455511705,201910659349200136,0
930969218,201830239349200418,0
460487792,201931359349206433,0
931180755,201823199349203557,0
943101722,201833219349200308,0
823474910,201911519349200116,0
800611536,201911789349200226,0
760747788,201800089349200160,0
900671261,201901229349200235,15800
200919040,201802119349200730,0
931255246,201931899349200828,0
461728425,201922549349201022,0
475110015,201941769349200734,0
237035377,201910429349200431,0
930679056,201833179349203028,15660
263093328,201901969349201065,22166
475458635,201843199349202924,0
943096844,201921059349201147,0
462738658,201813219349200701,40254
320394470,201931339349204823,0
262136419,201812859349200241,15900
800365511,201921369349200607,0
931210998,201940299349200234,0
930643165,201911349349201596,0
931044964,201900599349200105,0
931100607,201833029349200228,25000
472916394,201811319349201926,0
861130479,201841649349200229,0
813626615,201912919349200016,16517
930730017,201930399349200523,0
461829800,201912389349200506,0
460781800,201812429349200126,13000
943114966,201843399349200119,0
930974544,201832279349201353,0
911849275,201843099349200849,0
821797993,201912619349200126,38400
930728990,201921349349201217,0
930694668,201942209349200539,0
930556942,201812949349200151,0
273446921,201931129349200523,0
936098731,201912629349200801,0
931271810,201901359349206785,0
930835095,201901429349200345,0
50543153,201900729349200710,0
830484742,201920229349200757,9000
473092206,201912119349200516,0
311603821,201843189349205754,0
450678253,201942839349200139,0
930600567,201930379349200233,25940
371653682,201941019349200344,0
30383463,201842059349200524,0
931158472,201821739349200722,0
203451097,201803209349201120,0
472471876,201911339349200236,500
930888900,201823399349200507,0
943067541,201912809349200341,0
931304127,201821039349200862,0
271850784,201931339349201233,0
930915874,201922529349200742,0
463255513,201813199349204251,0
936095663,201920859349200827,0
237125266,201901339349204370,0
911766978,201910329349200621,0
811677322,201833199349207343,15000
930830738,201902819349200765,0
562459428,201930229349200603,44681
264715130,201843199349208849,0
273443528,201831149349200408,42347
930779612,201941299349200624,0
931304909,201942139349200534,0
455413084,201922199349200017,0
900812193,201911969349200896,0
822267227,201931419349200728,0
205969971,201802769349200030,0
931264245,201823159349200212,0
931186245,201900589349200335,0
931163543,201931229349200963,0
943171872,201942739349201054,0
930968954,201900779349200720,0
943119221,201843069349201124,0
61709222,201932639349200823,0
931213218,201940649349200119,0
465272912,201941499349200809,0
461213739,201823189349206517,0
474076985,201941359349202124,0
931263039,201830829349200603,51157
931330075,201813119349201491,0
262032672,201910679349200311,0
651230155,201912089349200306,0
930972140,201843049349200639,3288
931219380,201941059349200129,0
930759403,201901929349200035,0
930931273,201810449349200816,0
930908463,201833349349200108,14346
930974698,201831359349204163,0
930740911,201912549349201006,28754
272522386,201833179349202343,0
930878256,201823059349201302,0
260820043,201822559349200862,0
930675895,201910369349200741,38251
320500700,201931309349201523,0
930987733,201940789349200314,0
274022146,201920689349200707,0
930768332,201813139349201061,0
208440330,201803119349201235,0
455275219,201901339349204960,0
270737022,201901339349204635,0
931116398,201802189349200960,0
237316276,201911339349204756,0
931160165,201821369349201137,0
931298975,201921349349206002,0
912106669,201831319349201718,35364
930729779,201823049349200332,0
464617953,201920329349200002,36000
812563221,201813399349200501,13500
311763132,201941929349200224,0
461557264,201941359349207124,0
208847566,201911339349200826,0
260098850,201801169349200340,0
311082256,201941339349200334,0
432028495,201910879349200216,0
311775216,201940579349200409,56271
931181563,201843089349200204,17200
943113835,201902289349200600,14400
936022987,201833189349204438,0
930547433,201811349349202411,0
936039243,201813249349200006,0
931233122,201910529349200441,0
753080261,201911299349201231,0
931209646,201822839349201252,0
237422295,201911699349200331,0
954601798,201900849349200800,70000
453674583,201843539349200514,0
943250882,201823319349200307,0
936033187,201942109349200244,0
931276892,201821349349202457,0
473926085,201831339349200013,0
464722188,201931349349205633,0
931090242,201831099349200023,0
383823985,201942769349200039,0
270670834,201911169349200011,23000
237448458,201832489349200223,9000
936098896,201941289349201034,0
931085680,201832779349200873,131762
943130769,201811179349200041,0
870762482,201920539349200427,12000
455303630,201901359349206670,0
461047083,201913019349200321,0
931151538,201943049349200234,0
931279631,201901349349203105,0
460669289,201931349349202583,0
930909805,201930089349201028,0
465112839,201901369349200600,0
931208079,201733459349200418,0
453918212,201823209349201042,0
743247113,201811309349202341,4800
471405618,201911359349204501,0
202590790,201921359349206472,0
270725184,201843179349201159,0
931122714,201901369349200310,15000
931282459,201843199349209349,0
931302778,201921579349200422,0
931102328,201931359349205918,0
911471766,201931279349200538,0
264515006,201910089349200831,0
237134176,201812559349200726,15866
264836240,201821349349202442,0
931238692,201843199349200509,0
262012277,201911309349202206,0
930836356,201823399349200712,0
260183430,201813169349200626,0
510142808,201833319349200723,0
931330149,201931279349201038,0
650581840,201901359349203905,12376
930911196,201802899349200730,0
364748680,201940539349200724,0
931277959,201803319349200615,15000
931303261,201830389349200318,13500
472734755,201922599349200302,0
30417216,201901229349200930,0
931236988,201931329349200308,0
911099550,201940649349200504,0
471815133,201803109349201900,0
264411797,201823169349203402,0
452757442,201912559349200906,0
814284286,201843119349201284,4810
364806858,201942919349200709,194037
203710293,201843199349205974,0
510565149,201912959349200716,0
930873123,201920439349200817,48840
421569389,201932979349200633,0
454199065,201921369349200442,0
800020760,201841279349200024,0
571219725,201940779349200529,0
936039422,201833129349201058,0
261402190,201921269349201617,0
822157072,201940739349200004,0
936039323,201843059349201184,0
562601109,201812749349200326,0
264033859,201911969349201201,0
330994626,201821369349200022,38625
931166798,201942129349200129,21433
931285575,201941279349201039,0
930829650,201931009349200523,0
900866141,201941089349200319,0
473880391,201911829349200516,0
930840416,201813189349203841,8000
300758898,201931339349202448,0
931118057,201941379349200224,13584
930837455,201920149349200297,9616
931247644,201842829349200749,58260
275137629,201930739349200033,0
931247073,201823059349201557,0
463690576,201832889349200233,0
275198214,201931159349200428,0
930880302,201910249349200511,0
930802662,201813179349203881,0
461019480,201911349349205631,0
510484049,201823459349200217,0
510235493,201911799349200516,0
300639805,201901359349202740,0
930836355,201823399349200317,0
711001126,201911139349200616,0
200009820,201932529349200928,0
931043415,201823489349200537,0
208776775,201911339349204761,0
237024977,201930989349200418,0
930939726,201920469349201162,0
930875009,201843559349200414,9055
371830754,201823189349205952,0
931240967,201921359349207287,0
930743789,201910859349200236,0
931267667,201912279349201101,13200
930853511,201813049349201156,0
455600208,201802219349200200,4000
931128231,201930719349200343,0
931028311,201831349349205563,0
931132635,201823479349200227,0
814885713,201911409349200331,0
200368677,201901299349201660,0
272051482,201802629349200030,0
800660213,201931289349201038,40230
262206115,201811659349200956,0
931286461,201803189349206125,0
931326012,201821299349201122,0
931106826,201823529349200217,0
814162420,201823199349208342,0
61670156,201921299349202152,0
261367020,201902559349200605,0
911770055,201833189349202533,0
461971865,201922419349200037,0
271944408,201921359349207202,0
460721542,201932979349200903,0
930961570,201843199349208744,0
237060947,201921359349206862,0
931221889,201803119349201775,0
931150833,201833129349201968,26004
204086866,201902119349200325,0
814106888,201932189349200008,2500
542152795,201801309349200400,0
20737091,201901709349200035,500
331009285,201832189349200868,0
201630000,201942119349200514,0
931025009,201803189349206800,0
260567618,201922619349200017,0
271496209,201921359349205302,0
464052366,201803309349200015,0
237029062,201900119349200720,0
813197542,201901359349203365,31815
930893768,201743199349206794,15522
936031806,201920299349200517,0
813185334,201910619349200116,0
931164126,201900319349200540,0
810668011,201833199349207643,0
371644007,201931289349201258,0
10963830,201901779349200235,5900
462817363,201832259349200248,0
621553485,201911369349201041,0
452997634,201941899349200539,6000
931264236,201902339349200035,31253
912161100,201843419349200609,0
521225552,201902699349200740,0
474626578,201833029349200628,0
814260987,201941359349202779,0
471025517,201922469349200622,50000
936037558,201813039349200141,0
481266537,201821349349205377,0
264412622,201822759349200422,9050
471745547,201930969349200113,0
936025146,201942959349200904,0
930966578,201932179349200703,0
753040538,201931339349204283,0
861050758,201932059349200428,0
931097994,201932969349200728,0
463026178,201803179349201175,0
800013151,201930889349200323,0
931269595,201810789349200531,0
931094260,201823079349200452,0
465304834,201932429349200323,0
474506949,201941339349203894,0
541772092,201813109349200916,19086
264327889,201803229349200000,0
421641386,201832789349200633,0
931313097,201930369349200853,0
930800726,201900089349201020,0
461226267,201910929349200231,0
931132511,201823179349203857,0
300284653,201821849349200132,0
936031587,201940779349200324,0
943099112,201803199349205620,0
481279249,201942369349200204,0
208876486,201940479349200314,0
931075590,201823389349200032,0
931153499,201921359349205942,0
930863357,201833399349200618,0
812678889,201922889349200987,0
936024641,201833199349201163,0
930828770,201823179349202137,0
936022190,201842759349200134,0
931166262,201942979349200914,0
262941918,201941359349203634,0
825149973,201931379349200218,0
463270082,201900619349200705,0
463397873,201911349349203296,0
930819971,201901359349204400,0
261658764,201922639349200927,0
930967972,201832969349200518,0
201531948,201931129349201003,37300
475389198,201803189349203375,0
930699926,201803519349200030,0
900871479,201843199349208799,0
930743423,201931359349206803,0
930622244,201941339349203579,0
810835246,201941309349200999,0
930940794,201941349349202474,0
930987536,201931349349205843,0
931254945,201931349349205718,72938
931274057,201921239349201137,0
760767257,201911829349200341,3500
930439881,201922409349200212,39245
931219346,201940589349200144,0
930852846,201911309349202741,0
201116696,201822539349200707,0
208159423,201921029349200902,30895
510172407,201840659349200754,0
200739869,201841349349202514,0
911819560,201803209349201280,37354
264305255,201900119349200325,0
710876738,201942339349200714,0
930874410,201910439349200816,0
223938766,201942359349200604,0
841719211,201941359349201164,0
931084364,201901359349207215,0
900804306,201803199349201000,0
742697459,201911449349200616,0
930850001,201931349349202083,13304
931109051,201811349349204091,13615
931184627,201941349349203569,0
931140242,201800399349200100,0
510184181,201833179349202158,12000
931042563,201940579349200434,0
931238207,201803199349203270,0
943226021,201843389349200109,0
237134899,201900819349200710,0
270634230,201901349349201215,12770
930874399,201921209349200767,0
936034897,201920789349200032,0
930666934,201931359349203978,1200
911837139,201842259349200624,4894
813903630,201911359349204936,6600
465679466,201902109349200225,0
205429586,201841659349200134,0
462460546,201941309349201049,0
936027332,201830449349200823,0
930773246,201823169349201332,0
200621140,201911359349207061,0
930695812,201920479349200017,18450
931271605,201912079349200231,0
813988945,201932039349200968,0
931255273,201901369349201305,0
930753301,201921229349201122,0
371546983,201901359349205830,0
204976991,201803139349201950,0
821743152,201922569349200952,0
931242942,201823189349202542,46200
930753282,201932279349201438,0
461574672,201931649349200218,0
931285875,201843199349206884,0
831791886,201921359349206622,0
930507032,201912279349201086,0
900982755,201910529349200131,0
562474186,201901339349204715,0
911821228,201832049349200403,0
203645281,201910399349200101,0
931305551,201801789349200120,14600
811069257,201931299349201483,0
943154534,201941309349202954,0
943085810,201931959349200003,31375
931254596,201930469349200628,0
931066644,201830089349200273,0
930803479,201920089349200727,0
931261879,201823529349200412,0
931299198,201803139349200815,0
943090360,201941369349200914,0
931041531,201843189349203709,0
204720946,201910589349200016,0
931277264,201831509349200533,0
931026405,201903049349201220,0
931327349,201803119349201265,0
930785430,201902469349200555,0
931282178,201843189349202789,0
680504310,201921239349200617,0
931298930,201902259349200720,0
465726498,201931339349204858,0
203689098,201911059349201266,0
930893329,201902049349200405,0
911342266,201901359349200110,0
571163386,201703199349207205,0
204320162,201922569349200497,2840
930843972,201802819349200620,0
453556042,201901129349200005,0
412097467,201941219349201154,0
931230794,201911279349200781,0
237287219,201931319349200103,0
930819924,201810479349200621,10000
721080009,201940949349200109,0
931289408,201931359349206848,0
811215439,201801299349201835,29268
931029928,201802839349200530,29274
263386506,201901989349200920,0
826668184,201902769349201005,0
471207275,201941349349205434,0
812964248,201931069349200818,0
461677836,201941849349200309,0
930712073,201940579349200324,0
272149373,201900579349200420,0
930900348,201813199349209421,0
421639852,201902419349200645,0
471029584,201931339349203683,0
204173622,201911339349201306,0
930958673,201803179349203340,0
931259886,201811349349204846,0
931279100,201901359349206325,0
475671586,201911349349206111,0
930982814,201803169349201755,0
271155737,201932659349200258,0
930982043,201912289349200616,0
200260940,201843199349208914,0
412098558,201943029349201504,0
510190941,201901339349202175,0
942861429,201842009349200019,0
931330169,201920639349200337,0
471987056,201911349349202811,0
471306822,201901349349205365,1900
470932186,201931359349201578,0
931231772,201833109349201758,0
930697553,201810799349200716,0
273871563,201833139349200228,0
931187963,201822889349201217,0
930494634,201901349349202545,0
931289822,201912109349200216,0
931242512,201920449349200802,0
900594189,201942679349200229,0
930874432,201823199349202537,0
931207103,201930219349200118,0
930697842,201812769349200621,0
300125019,201940729349200319,0
931330372,201832709349200213,0
462026430,201803129349201215,0
462101235,201932689349200623,0
412143169,201901929349200445,17460
931143126,201802689349200750,0
261080725,201803269349200000,0
472032979,201813219349200806,17690
237281893,201813199349206906,0
943059469,201941359349205629,0
931004833,201931769349200228,0
931184934,201911279349201451,0
203697725,201812859349200626,0
471158839,201943049349201504,0
320464221,201902429349200410,9059
931161269,201931359349202578,0
931264617,201911279349200741,0
464720635,201941349349205879,0
203769036,201803199349206775,0
824958794,201932339349200718,12807
930656636,201941289349200769,0
821298953,201803529349200210,0
931309708,201911199349200956,0
930829479,201910739349200446,0
462820281,201823199349207607,0
931175815,201813199349207571,0
237122757,201901359349206435,1200
465424290,201802999349200420,0
550829090,201932559349200808,4000
870704979,201803479349200225,0
931233090,201931299349200348,0
205895894,201940869349200409,0
263639798,201911509349201006,42246
205105004,201801569349200025,0
943183249,201833319349200018,0
931148843,201940359349200124,0
930994576,201901789349200720,0
931314301,201901289349201045,0
271644080,201843189349204149,36000
452605110,201922689349200627,0
50595291,201931339349201408,0
943344711,201910399349200801,0
931038276,201822629349200212,0
931067923,201922489349201007,25300
460952524,201901359349204005,0
931186618,201843169349200414,13870
840996133,201932119349200528,11450
931244533,201901299349201120,0
930816115,201813089349200101,0
521251318,201900579349200300,0
931158030,201803389349200120,24881
930897901,201930499349200418,0
931286382,201901279349200730,0
822384121,201902409349200040,0
464451422,201941279349200134,39641
731636316,201941909349200104,13557
680639011,201902489349201000,0
931247105,201833209349200938,0
237368589,201911899349200421,0
521234726,201843199349209244,0
813316639,201921199349200957,0
936039311,201823109349200312,0
900837853,201823469349200117,0
264255683,201911769349200016,0
263903399,201803049349200770,53053
264061183,201833219349200103,0
943098012,201941349349204949,0
237415288,201930769349200258,0
270540733,201911519349200636,40772
931035026,201930609349200238,0
271791873,201910519349200626,0
237399406,201823199349207312,0
813417884,201931279349200973,0
814149943,201823069349201102,0
943152616,201942549349200129,0
931062674,201813049349200876,0
931113175,201931839349200638,0
930837916,201812769349200141,0
510256096,201912249349200846,0
20552421,201901359349203550,0
474629716,201911349349204636,0
930805016,201941279349200634,0
760754078,201901289349200200,24833
911764475,201922339349200622,0
931100264,201931699349200623,0
930853812,201902819349200825,0
474732971,201931359349204698,0
472177760,201801719349200815,32000
262195320,201812219349200531,0
931043523,201942839349200749,0
260245940,201910509349200301,0
814716253,201821349349205717,40000
481287863,201743199349202844,0
275081779,201921289349201267,0
237345364,201803349349200705,0
931302578,201902669349200430,0
472521692,201941349349205009,16786
930995578,201941359349207159,0
274298250,201901209349200520,0
134215851,201843119349201544,0
550861556,201912669349200711,0
931000037,201813179349203121,0
364607269,201902989349200815,0
931272652,201900529349200335,0
911780273,201941359349206669,0
966032440,201901359349203205,0
931104549,201902269349200020,0
271649450,201833119349201118,0
911980483,201901339349204155,24946
811360227,201900999349200715,0
452877687,201902419349200620,0
300032449,201930589349200028,0
311713660,201941369349200969,0
271016835,201940959349200139,0
930857934,201901699349200120,0
272885958,201900509349200640,0
936090337,201941309349202644,0
930988350,201813079349200501,0
452569510,201912599349201336,0
930550644,201803199349208555,0
931320592,201912649349200001,0
800679409,201841509349200844,0
474727605,201922839349201112,0
352148520,201831279349200003,0
814466161,201832399349200223,0
943030994,201921359349206927,0
931275613,201930819349200443,0
710967169,201823189349203782,0
200745324,201912399349200036,0
472365488,201812609349200986,0
931013398,201813189349202451,0
270946165,201931239349200823,0
931294469,201803199349209445,0
931126001,201941209349200624,0
261298799,201932409349200018,0
465582316,201843129349201929,0
331118832,201911349349205956,0
202879501,201823199349204057,0
936032782,201900429349200430,0
931186893,201921289349201302,0
931048764,201921359349206122,0
931276618,201832749349200708,0
261642522,201900739349200955,0
521656369,201920679349200627,0
464262461,201940159349200109,10100
800012083,201940539349200824,0
931064943,201901359349204530,0
205654967,201833519349200708,0
936042643,201813069349200956,0
930858599,201822439349200527,0
930903879,201841699349200744,0
930775578,201902829349200725,0
202830541,201911009349200601,0
931286393,201941379349200244,0
274287533,201941349349202529,0
237092591,201930169349200713,0
911852358,201803189349205105,0
412126386,201843139349201969,0
930856384,201941339349200219,0
936031460,201911349349206011,0
237216447,201832989349200723,0
272482630,201821359349206102,0
823136048,201931339349204633,0
931186736,201901839349201050,0
770617778,201911369349200616,24294
943209192,201801359349204005,0
931276769,201910289349200221,0
931289833,201931229349200738,0
760700922,201900709349200840,0
812465668,201921359349204687,0
930912572,201942609349200604,0
930773842,201931319349200108,0
930901900,201901969349200955,0
203111760,201813189349205681,0
931276720,201940329349200109,0
831094014,201921779349200232,0
770611443,201912119349200416,0
237450919,201900929349200200,0
260027317,201931339349204573,0
261678678,201931199349200813,0
800312475,201812969349200851,0
931310311,201940249349200474,0
931239097,201930559349200353,0
731640746,201921019349200412,0
814331870,201920679349200042,0
943096883,201833169349201313,0
930677641,201930709349200428,0
208369435,201921159349200722,0
204809637,201901549349200640,0
931158664,201901769349200610,10700
931148486,201922539349200637,0
141907756,201900989349200625,0
460993795,201843399349200409,0
824865861,201931289349201348,0
262469712,201801069349201205,0
474972100,201921549349200022,0
930580887,201931359349206293,0
274646938,201912779349200111,0
202134233,201823179349200002,0
930978352,201930949349200318,0
200028509,201900079349200010,0
931056194,201902399349200725,0
930881830,201902689349200710,0
930801714,201931429349200418,0
463409215,201840099349200329,0
680637964,201811079349201116,0
931170216,201833199349206613,0
237224578,201931509349200523,0
931230420,201823459349200622,0
911787579,201911309349202621,0
261113127,201942219349200609,0
812484991,201823479349200417,0
931228977,201841359349206919,0
271548912,201901509349200105,0
931038512,201912529349200956,0
931087949,201941349349202764,0
680520643,201832399349200523,0
201787653,201901979349200705,0
521928872,201932249349200023,0
208902741,201922409349200742,0
470881224,201910159349200411,0
931242459,201733199349202383,0
930989657,201831079349200708,0
453863698,201901349349205380,0
930979488,201901279349200220,0
510185564,201833199349209483,0
475311752,201822219349200817,0
472470494,201842789349200734,0
931018752,201802919349200235,0
364863623,201931359349206773,0
452197013,201941369349200724,0
931287717,201931569349200623,0
263757820,201743189349205119,0
421640600,201841349349204524,0
261417006,201912779349201111,0
10726380,201911489349200651,0
474952470,201901439349200620,0
930886061,201812759349200121,2060
453345126,201911349349204941,0
930910234,201932529349200318,0
743096375,201901649349200320,0
473612482,201911349349206201,0
930853686,201941349349205479,0
821813804,201941229349200814,0
931265673,201931509349200913,0
470855430,201922529349200897,0
812481360,201832959349200238,0
472574704,201941939349200729,0
930796217,201802769349200720,0
271794626,201942429349201004,0
451135252,201941929349200039,0
931298303,201831659349200533,0
931232422,201813329349200856,0
811573942,201931549349200148,0
931283146,201912599349201171,0
931185282,201823179349201447,0
931321063,201942629349200714,66709
812713515,201921349349203822,5000
824304225,201912829349200921,0
930762595,201822209349200542,0
931197320,201921429349200627,0
930962108,201931359349206713,0
820788303,201941339349204259,27000
263820953,201900999349200125,0
203619795,201841319349201439,0
930990464,201910089349201021,0
931300121,201941359349206634,0
930701294,201931349349204953,0
931207370,201921359349203122,0
473247370,201820879349200812,0
462889070,201911819349200601,0
463057939,201922529349200727,0
930820912,201812289349200331,0
931280522,201932269349200233,0
931270935,201901349349205465,0
930679416,201902249349201150,0
930525068,201842319349200004,0
931254987,201921549349200742,0
383893131,201940879349200534,0
272411014,201841319349201409,0
475167050,201901299349200900,0
931314220,201921839349200632,0
931119213,201823249349200217,0
936039389,201910219349200506,0
931174901,201930879349200123,0
202781996,201911789349200496,0
812847064,201843199349208414,0
841628762,201911939349200516,0
900085661,201900579349200210,0
930810431,201931619349200718,0
800756488,201932489349200338,0
522453073,201930749349200818,0
475292006,201812609349200996,0
263041076,201921279349201092,0
931214695,201833169349202788,0
473763845,201813189349206471,0
822665900,201921349349205727,0
274830944,201813199349203746,0
237020094,201900669349200000,0
811131487,201843129349201864,0
383808939,201941579349200834,0
931184634,201911689349200771,0
320243477,201902549349200230,0
930671244,201921829349200047,0
454503149,201910849349200326,0
710956226,201901349349203475,0
474545007,201832679349200443,0
930700028,201833109349201513,0
203369130,201902259349201060,0
205379466,201931309349201373,0
931303957,201801849349200535,0
930835722,201940619349200704,0
472324722,201843189349202384,0
911765644,201910309349200131,0
273985461,201921289349201902,0
272495880,201733189349202548,0
823838234,201902269349200210,0
272389205,201930719349200428,0
800001070,201921559349200307,0
311779607,201931049349200703,0
510209468,201922419349200787,0
300717482,201832129349200238,0
931173319,201921989349201012,0
930790718,201941339349201634,0
931238896,201843119349201089,0
462204806,201912569349200951,0
383895453,201802759349200240,0
432015371,201901379349200220,0
936024531,201921359349202217,0
943069551,201843179349203974,0
453029010,201921209349200862,0
262702013,201921309349203112,0
931312098,201811919349200636,0
931210299,201900359349200705,0
930796630,201843189349206019,7392
911790733,201900309349200625,0
412127869,201902119349200720,0
264001578,201823199349208727,0
800601286,201821359349204057,0
471079547,201930719349200223,0
943200193,201802619349200030,0
931250973,201822599349200012,0
930695078,201920989349200832,10117
931325993,201832129349200633,0
930907054,201830089349200668,0
931268479,201901039349200730,0
830585855,201911649349200716,0
900474733,201941229349200234,0
203753519,201822899349200617,0
383926837,201921269349201572,0
911750848,201932119349200548,0
271592836,201823189349205612,0
931243352,201842989349200859,0
562403599,201922209349200637,0
201175828,201911079349200616,0
562298481,201931079349200233,0
270256545,201841359349200404,0
273466796,201941559349200604,0
930785505,201901289349201660,0
931263893,201801169349200930,0
821944001,201941209349200969,0
930742692,201932839349200733,0
208405004,201911339349203536,4000
931048886,201931309349200978,0
814182290,201922139349200922,0
930505496,201911429349200441,0
371450438,201912479349201001,0
930925413,201803419349200015,0
274481321,201901209349201075,0
260323736,201901299349200300,0
936030780,201900299349200335,0
464591707,201822329349200772,1500
823146658,201941339349202374,0
274317402,201921379349200812,0
273513949,201843129349200449,0
465353130,201940659349200334,0
473202101,201911359349206901,0
202565119,201803199349200120,0
271150049,201911449349200726,0
237003556,201911359349204961,0
650261499,201902649349200100,0
473552895,201941719349200614,0
800369743,201941349349205729,0
61824792,201803199349203400,72203
611671854,201823189349205857,0
810609839,201921349349205712,0
474351088,201823189349205167,0
300599968,201920929349200537,0
562305402,201802129349200625,0
943119916,201931349349205528,0
931083228,201901169349200615,0
300345082,201801249349201020,0
810624290,201932259349200968,0
260359565,201910759349200701,0
811065255,201800959349200635,0
822760935,201942119349200219,0
371498455,201932189349200318,0
912182630,201820829349200812,0
931273220,201823529349200422,0
931114472,201800819349200415,0
472001553,201901219349200745,0
911861534,201930879349200533,0
900116481,201911509349200031,0
262713287,201813199349204041,0
832113448,201901579349200100,0
931274419,201821359349207292,0
273157671,201901029349200720,0
931155530,201842549349200019,0
911814381,201823199349203342,0
931039552,201812209349200546,0
930862401,201901359349205295,0
811454455,201802349349200105,0
931287776,201930309349200113,0
455581797,201830959349200738,0
460927855,201900729349200770,0
943217293,201841309349200894,0
831108767,201902739349201060,0
472811695,201931659349200613,0
680561139,201842499349200339,0
861090663,201900229349200775,0
930990032,201941359349206834,0
930853003,201921109349200107,0
203510876,201921369349201042,0
815373743,201900719349200745,0
931298622,201813199349203646,0
931281780,201942469349200619,0
453857833,201832819349200833,0
460926553,201823199349204287,0
943166128,201823139349201917,0
931057209,201922079349200612,0
264294205,201920879349200817,0
931303510,201841419349201109,0
931313759,201931339349202878,0
911859464,201901359349207055,0
272261145,201833169349201543,0
272758567,201910529349200101,32906
462647856,201821349349202147,0
473036255,201941359349206559,0
510186450,201902409349201000,0
830681234,201941219349201119,0
930757370,201901489349200575,0
205820467,201931349349202843,0
930742167,201840129349200764,0
263479370,201911269349201531,0
204857327,201801979349200840,0
931081765,201823189349204512,0
930877982,201901339349203265,0
364644543,201833199349207158,0
272421262,201921149349200412,0
510653869,201823169349202867,0
311602160,201832589349200108,0
943202187,201911319349201011,0
460579356,201823199349203787,15630
472074868,201833139349202053,0
264574969,201800539349200625,0
931313553,201910589349200246,0
201234271,201820159349200802,0
800524973,201901349349203500,0
931323151,201843189349201484,0
931252622,201940189349200214,0
471040699,201921609349200252,0
471340974,201941619349200414,0
811499529,201931349349205468,0
931106185,201921349349204602,0
262427326,201902579349200110,0
931210441,201911349349203541,0
475438716,201901359349206475,0
464345524,201920719349200747,0
800025789,201930669349200433,0
465606823,201910869349200706,0
814045731,201941939349200444,0
931032535,201822919349200527,0
473675170,201922839349200142,0
43665932,201823099349200407,1000
465710694,201921349349205637,0
521878291,201931209349200118,0
931328927,201803199349208910,0
936036227,201902319349200330,1000
136271781,201922889349200047,0
300944174,201940749349200739,0
270614032,201931569349200013,0
300961862,201830909349200108,0
814004992,201901759349200040,0
300499063,201903049349201075,0
202273354,201941359349203319,0
464234507,201911239349200996,0
821584889,201920689349200717,0
936031416,201910819349200416,0
134346699,201921049349200612,0
931221179,201911289349201301,0
453932513,201813109349201711,0
930885744,201911409349200221,0
931158097,201803189349204235,0
814543096,201901359349206485,4000
822864433,201921729349200332,0
273150456,201802609349200890,0
931269133,201931349349202443,0
260336470,201930749349200443,0
931294554,201841239349201034,0
455435716,201911869349200506,0
261902048,201813179349202731,0
931263338,201840639349200104,0
943349298,201921969349200897,0
753066447,201703199349206475,0
270197357,201921689349200432,0
930801570,201943049349201074,0
831348199,201941729349200619,0
203903141,201901359349205890,0
830671556,201921729349200027,0
203861257,201942979349200029,0
510432788,201830519349200128,0
931225609,201921359349205037,0
931104183,201902069349200330,0
931266528,201931649349200773,0
465750044,201831169349200953,0
264052358,201911489349200566,0
204784224,201802999349200760,0
465343478,201902569349200000,0
465453562,201843109349200954,0
263600065,201841429349200734,12000
263625967,201941359349202044,0
743062911,201902489349200865,0
272615334,201940959349200134,0
205833567,201833209349200503,0
364799710,201932279349201328,0
200710628,201813199349205296,69000
931294148,201911129349200331,0
930923968,201822209349200432,0
260331876,201921439349200217,0
465539824,201932829349200713,0
352358424,201830769349200203,0
452388905,201912259349200441,0
820789234,201901339349203570,0
832700554,201921359349201147,0
930115448,201911279349201501,0
830883398,201900779349200310,0
330801318,201911289349200836,0
465384846,201902549349201155,0
831888716,201932839349200743,0
760822396,201843179349201934,0
931186426,201803199349206965,0
753175249,201901309349201065,0
264282195,201920939349200112,0
930821381,201901339349205005,66354
931145888,201823199349204377,0
237359693,201833189349205723,0
200193726,201942759349200739,0
812291013,201902489349200700,4500
810787535,201902539349200125,0
821769255,201922829349200747,0
931323700,201832399349200818,0
471766346,201941649349200624,0
320186526,201802759349200320,0
203718301,201823189349200742,0
930957828,201910309349200206,15849
931120979,201920749349200012,0
812761323,201823469349200022,0
930848543,201822609349201017,0
870772923,201832819349201103,0
822416126,201833029349200903,0
930858034,201812549349200636,0
931010259,201910509349200641,0
943039356,201900239349200305,0
821475752,201831589349200808,0
930846229,201912039349200791,0
710888906,201833209349200148,36000
813588033,201833199349208863,0
474358868,201833199349209418,0
460610844,201813189349204611,24838
930824786,201813189349200636,0
320271658,201823189349205577,0
271267946,201843169349203309,0
471558602,201813179349201981,0
931331068,201823149349200407,11000
943079509,201911239349200821,0
571218484,201823199349204167,0
261328004,201843189349206304,0
461341465,201841299349201989,0
452832220,201831419349200038,0
272202171,201841309349202294,0
710943993,201801529349200210,0
237014575,201841639349200639,0
201037860,201831799349200413,0
461531875,201831999349200008,0
454942018,201832339349200343,0
455199840,201831899349200103,0
371549773,201832209349200418,0
273193555,201811359349205956,38000
814453159,201831349349202323,0
464954487,201801949349200440,0
270507089,201831919349200018,0
452668211,201801359349205200,0
461212712,201801359349204200,0
270252581,201831979349200538,0
931047123,201801349349201945,0
203696452,201821349349205602,0
731634376,201801239349200020,0
481295435,201800689349200535,0
270360647,201821349349202997,0
465076159,201810729349200231,0
814819701,201841359349201214,0
412158712,201800459349200990,0
270321473,201841359349202489,0
454776446,201800439349200130,0
571212036,201841369349201134,0
471523429,201801319349200145,0
453163773,201840949349200619,0
812333671,201831289349201268,0
651191847,201831009349200713,0
911817860,201801239349200890,0
10932751,201811029349200201,0
204753941,201811089349200716,34000
204005130,201800789349200500,0
208230296,201821309349201732,0
263876947,201831309349202653,0
465371816,201801389349200705,1000
237092696,201802879349200310,0
814595421,201831349349201908,0
811293143,201833199349204173,0
274103153,201842749349200144,0
931314285,201823199349209207,0
931224062,201833199349208558,6000
272071808,201833199349204023,0
264324314,201812699349200226,0
821218990,201812609349201256,15000
463547048,201833199349201738,0
931309803,201833199349208508,0
450484346,201811079349201156,0
812099468,201841349349205454,0
237368586,201811359349203481,0
931253547,201812749349200801,0
810816779,201832269349200728,0
472561826,201812399349200621,0
931099710,201800749349200230,0
222501685,201810449349200756,0
562404718,201723559349200702,0
930862177,201830429349200153,0
931314758,201703039349201130,0
300589189,201830259349200813,0
300804863,201840399349200759,0
931186118,201830759349200428,0
936030709,201703199349204765,0
453198549,201703079349200200,0
260310578,201713189349202101,0
930842634,201743199349202449,0
204347954,201820369349200542,0
208555846,201743199349208119,0
936032318,201831569349200238,0
260012678,201841349349206059,0
270697445,201841629349200004,0
930922086,201840369349200764,0
462479571,201723219349200322,0
931136962,201723149349201347,0
465637009,201901349349203670,0
930714387,201723209349201087,0
931320785,201733199349207658,0
462465406,201713199349208101,0
462437497,201812559349200321,0
200319837,201732879349200223,0
541821205,201723429349200612,0
931094863,201713209349200506,0
300778885,201723149349202207,0
474359287,201830439349200808,0
474327780,201741709349200024,0
274608399,201840719349200609,0
474359287,201830439349200808,0
474327780,201741709349200024,0
274608399,201840719349200609,0
