ein,org527,org501c,org4947,org501c3
455093195,,,,X
930223960,,,,X
930933975,,,,X
930386823,,,,X
930602940,,,,X
930579722,,,,X
930508781,,,,X
930391573,,,,X
930951989,,,,X
930438772,,X,,
930878074,,X,,
930386793,,,,X
931124326,,X,,
930257765,,X,,
237315673,,,,X
930429015,,,,X
936021475,,X,,
911148123,,,,X
237426300,,,,X
237017278,,X,,
930386908,,,,X
936023048,,X,,
930401259,,,,X
930618975,,,,X
936015767,,,,X
930386858,,,,X
463264330,,,,X
931192140,,X,,
930386868,,,,X
930430029,,,,X
930386840,,,,X
930110095,,,,X
930386892,,,,X
931313663,,,,X
930386839,,,,X
237083114,,,,X
364742731,,,,X
936022772,,,,X
930386972,,,,X
930591528,,,,X
930686108,,,,X
930583856,,,,X
943237150,,X,,
930391586,,,,X
936021111,,X,,
930396847,,,,X
930453216,,,,X
930386936,,,,X
930281321,,,,X
930300375,,X,,
930505325,,,,X
930425580,,,,X
931329784,,,,X
936090239,,X,,
930728816,,,,X
931143759,,X,,
930492535,,X,,
930391591,,,,X
930622075,,,,X
930391614,,,,X
936041903,,X,,
930163693,,X,,
930757655,,X,,
271789847,,,,X
936021113,,X,,
930251640,,X,,
930785786,,,,X
930770054,,,,X
931305493,,,,X
383849354,,,,X
930389726,,X,,
930444581,,X,,
930717997,,,,X
931179254,,,,X
936024141,,X,,
930591240,,,,X
930243503,,X,,
930958642,,X,,
931300043,,,,X
930878944,,,,X
936024307,,X,,
930468214,,,,X
200195556,,,,X
930814638,,,,X
930415219,,,,X
931046399,,,,X
911829317,,X,,
936029224,,X,,
930502822,,,,X
930232310,,X,,
731668317,,,,X
930465543,,X,,
941312349,,,,X
930468003,,X,,
930619733,,,,X
930454786,,,,X
930804385,,,,X
930386966,,,,X
810609831,,,,X
930407022,,,,X
930386780,,,,X
930473211,,,,X
711016384,,,,X
930386804,,,,X
931228867,,,,X
930146827,,X,,
916034674,,X,,
930323147,,X,,
931329158,,,,X
342030255,,,,X
931326405,,,,X
936031270,,,,X
910973983,,X,,
202587840,,,,X
930977878,,,,X
271790052,,,,X
461574842,,,,X
930572370,,,,X
930421470,,,,X
936087366,,,,X
510480478,,,,X
943096772,,,,X
930463816,,,,X
273146613,,,,X
431960221,,,,X
930980637,,,,X
930402877,,,,X
510204735,,,,X
930243443,,X,,
931268744,,,,X
263946191,,,,X
930513697,,,,X
936049213,,X,,
911829325,,,,X
930386981,,,,X
930309970,,,,X
931067253,,,,X
930386880,,,,X
911833480,,,,X
237113266,,,,X
930611783,,,,X
946667029,,X,,
237332778,,,,X
237257390,,,,X
930477890,,,,X
526038494,,X,,
930354176,,,,X
930723862,,X,,
930433696,,,,X
930554941,,,,X
930857426,,,,X
936031208,,X,,
930579589,,,,X
237056987,,,,X
930634049,,,,X
930806295,,,,X
930391604,,,,X
931215381,,,,X
930746782,,,,X
930756143,,,,X
930605570,,,,X
930509414,,,,X
826030679,,X,,
930752805,,,,X
930582124,,,,X
931139187,,,,X
237098400,,,,X
931019725,,,,X
930753926,,,,X
930177555,,X,,
930446527,,,,X
930792758,,X,,
930415213,,,,X
931014288,,,,X
931229227,,,,X
930461940,,,,X
930910794,,,,X
930498054,,,,X
930628804,,,,X
930977166,,,,X
911943624,,,,X
930716860,,,,X
930553346,,,,X
930464898,,X,,
930398802,,,,X
930801200,,,,X
930512235,,,,X
930395591,,,,X
930591582,,,,X
930558819,,,,X
237366812,,,,X
261168995,,,,X
930386890,,,,X
930848530,,,,X
930630376,,,,X
930813981,,,,X
930587136,,,,X
930134820,,X,,
930608012,,,,X
930196209,,X,,
237017276,,,,X
930564896,,,,X
930685734,,,,X
921069936,,,,X
931086629,,,,X
930564141,,,,X
930644303,,,,X
273524752,,,,X
521957214,,,,X
936028906,,X,,
930888347,,,,X
930713827,,,,X
930571472,,,,X
930557803,,,,X
930621534,,,,X
930386852,,,,X
930884929,,,,X
930800140,,,,X
930386792,,,,X
911662698,,,,X
930665396,,,,X
911854545,,X,,
930712867,,,,X
352198318,,X,,
930399051,,,,X
930569684,,,,X
931070304,,,,X
930266190,,X,,
930582004,,,,X
930573822,,,,X
931186020,,,,X
931248795,,,,X
930903773,,,,X
930471873,,,,X
930910213,,,,X
930606316,,,,X
930269331,,X,,
930686923,,,,X
931255764,,X,,
930454456,,X,,
930478660,,,,X
930241933,,X,,
943034161,,,,X
930728229,,,,X
930386791,,,,X
273445544,,,,X
936025789,,X,,
930557964,,,,X
930395815,,X,,
931180397,,,,X
930893420,,X,,
342057513,,,,X
931090005,,,,X
930738493,,,,X
931234625,,,,X
263035522,,,,X
930937286,,,,X
930567549,,,,X
510163758,,X,,
452590784,,,,X
930391547,,,,X
930495655,,,,X
273990987,,,,X
264077120,,,,X
930706892,,,,X
930782374,,X,,
931269087,,,,X
930470717,,,,X
916070467,,X,,
930984702,,,,X
930400250,,,,X
930514209,,,,X
931230223,,,,X
936021772,,X,,
936227660,,X,,
930306737,,X,,
930630002,,,,X
481291935,,,,X
272028308,,,,X
936041618,,,,X
931037330,,,,X
930867677,,,,X
930738797,,,,X
930354500,,X,,
237030910,,,,X
930806912,,,,X
930547036,,,,X
930391599,,,,X
931141536,,,,X
930554156,,,,X
930613108,,,,X
237170147,,X,,
043703021,,,,X
930623709,,,,X
931078543,,,,X
930818160,,,,X
930895184,,X,,
931300690,,,,X
930584318,,,,X
320016048,,X,,
930632048,,,,X
931134865,,,,X
930243430,,X,,
936023043,,X,,
931133639,,,,X
930843521,,,,X
936023047,,X,,
931146666,,,,X
930576732,,,,X
930828781,,,,X
930578172,,,,X
930763726,,X,,
930554950,,X,,
943076771,,,,X
930718154,,,,X
930307250,,X,,
936023044,,X,,
237153987,,,,X
930131365,,X,,
931099406,,,,X
930900577,,,,X
943074344,,,,X
237256802,,,,X
930410224,,X,,
930243687,,X,,
930814473,,,,X
930946020,,,,X
930569254,,,,X
731675402,,,,X
930333988,,X,,
237088811,,,,X
936038158,,,,X
931268942,,X,,
931009305,,,,X
930825821,,,,X
931095351,,,,X
930683413,,,,X
930903383,,,,X
930388917,,,,X
930568833,,,,X
930505956,,X,,
930394142,,,,X
936026548,,,,X
931057208,,,,X
930645605,,,,X
930146820,,X,,
911806451,,,,X
237115003,,,,X
943237145,,X,,
980162025,,,,X
930624672,,,,X
822399486,,,,X
270294759,,,,X
931050144,,,,X
930323668,,X,,
930112708,,X,,
930561977,,,,X
562546659,,X,,
930784775,,,,X
931159198,,,,X
930640525,,,,X
930625631,,,,X
237115837,,X,,
930163340,,X,,
931278639,,,,X
271643351,,,,X
943126167,,,,X
943060985,,,,X
930718337,,,,X
262499995,,,,X
930891433,,,,X
943029559,,,,X
931190983,,,,X
930386976,,,,X
436043847,,,,X
930278486,,X,,
263084386,,,,X
930575647,,,,X
931233373,,,,X
463274093,,,,X
943113836,,,,X
930368760,,X,,
930504473,,,,X
930386885,,,,X
203685723,,,,X
930513669,,,,X
930429354,,,,X
208928388,,,,X
930397825,,,,X
936050200,,,,X
930959411,,,,X
930845182,,,,X
202985223,,,,X
930725294,,,,X
930916864,,,,X
930581470,,,,X
930853709,,,,X
237169042,,,,X
930495706,,X,,
930661527,,,,X
931098105,,,,X
930189335,,X,,
930519925,,,,X
931329922,,,,X
930817076,,,,X
931149789,,,,X
930687438,,,,X
936026088,,,,X
936097406,,,,X
472845537,,,,X
936034321,,,,X
930811291,,,,X
930386875,,,,X
930686681,,,,X
930691238,,,,X
930758732,,,,X
931312090,,,,X
930563797,,,,X
931248274,,,,X
930855920,,,,X
936033807,,,,X
760751239,,,,X
930401248,,,,X
943092446,,,,X
461562797,,,,X
930725603,,,,X
930951908,,,,X
931164505,,,,X
930115390,,X,,
930605594,,,,X
930556589,,,,X
455252325,,,,X
237056213,,,,X
930966461,,,,X
930793127,,,,X
930275980,,X,,
237203564,,X,,
237017274,,,,X
931038306,,,,X
931127001,,,,X
260172758,,,,X
930509906,,,,X
930423965,,,,X
931323419,,,,X
931312955,,,,X
930425880,,,,X
462454893,,,,X
931233656,,,,X
930386901,,,,X
930232289,,X,,
931250581,,,,X
931296452,,X,,
201082052,,,,X
930584827,,,,X
931097066,,X,,
930712890,,,,X
930751741,,,,X
930589987,,,,X
930394143,,,,X
930474800,,,,X
930843383,,,,X
931249298,,,,X
460534726,,,,X
930496390,,X,,
943038729,,,,X
510175253,,,,X
930784800,,,,X
522146673,,X,,
930741267,,,,X
930681409,,,,X
930141440,,X,,
510179336,,,,X
931240928,,,,X
931315027,,,,X
820569407,,,,X
930923476,,,,X
930670856,,,,X
931084330,,,,X
237438072,,,,X
474408911,,X,,
930196216,,X,,
936002704,,,,X
931301792,,,,X
930928640,,,,X
930748388,,,,X
930388092,,X,,
931163452,,,,X
930242330,,X,,
930736825,,,,X
930784998,,,,X
237230042,,,,X
943166095,,,,X
237002687,,,,X
930409105,,,,X
593796997,,,,X
465562403,,,,X
930500679,,,,X
930196227,,X,,
931119163,,,,X
237254097,,,,X
931184647,,,,X
930817737,,,,X
931208588,,,,X
930892794,,X,,
931110874,,,,X
931004012,,,,X
926027179,,X,,
931135796,,,,X
930633354,,X,,
931060938,,,,X
930979064,,,,X
930752969,,,,X
931228509,,,,X
930836166,,,,X
916056203,,X,,
930386982,,,,X
936018523,,,,X
931057296,,,,X
931171184,,,,X
930444844,,X,,
930515597,,X,,
930865678,,X,,
931278089,,,,X
930768142,,,,X
930963546,,,,X
931068802,,X,,
931305252,,X,,
912077840,,,,X
936034757,,,,X
930804475,,,,X
204626312,,,,X
931293344,,,,X
931148608,,,,X
931051724,,,,X
930721567,,,,X
930339108,,,,X
273094382,,,,X
237121915,,,,X
471709705,,X,,
910982918,,,,X
930716519,,,,X
943084015,,,,X
931260080,,,,X
451458218,,,,X
931288657,,X,,
930803139,,X,,
820564961,,,,X
931178397,,,,X
205513684,,,,X
237061622,,,,X
931241474,,,,X
030473181,,,,X
930548870,,,,X
930818219,,,,X
383816505,,,,X
930757378,,,,X
930959068,,,,X
930386825,,,,X
930386883,,,,X
930851281,,X,,
201056268,,,,X
930886373,,,,X
311575264,,,,X
454484855,,,,X
812337926,,,,X
930114390,,X,,
930684495,,,,X
931069203,,,,X
272865454,,,,X
936027729,,X,,
272459165,,,,X
911828325,,,,X
930143500,,X,,
930386850,,,,X
931042868,,,,X
264029321,,,,X
263967833,,,,X
931074861,,,,X
936031009,,,,X
931192100,,,,X
460772775,,X,,
930577975,,,,X
931208532,,,,X
931246270,,,,X
930850926,,X,,
930504507,,,,X
260423551,,,,X
930616957,,,,X
930790539,,,,X
201241534,,,,X
562563880,,,,X
930722603,,,,X
930571124,,,,X
931241440,,,,X
930196211,,X,,
472427287,,,,X
930771304,,,,X
930671722,,,,X
931150042,,,,X
931062448,,,,X
930895133,,,,X
930639815,,,,X
916532370,,X,,
930391643,,,,X
936001599,,X,,
473187533,,,,X
930256538,,X,,
930797531,,,,X
412086942,,,,X
931236936,,,,X
930841022,,,,X
931235731,,,,X
943143232,,,,X
930900119,,,,X
930462679,,X,,
205090246,,X,,
930333036,,,,X
943111736,,,,X
931137236,,,,X
930467412,,,,X
930775757,,,,X
930784586,,,,X
931329382,,,,X
930817536,,,,X
271138640,,,,X
931127133,,,,X
930196197,,X,,
931111589,,,,X
931191794,,,,X
930196219,,X,,
930386984,,,,X
930599922,,X,,
930860753,,,,X
204223437,,,,X
930840810,,X,,
930111775,,X,,
911320416,,,,X
930831082,,,,X
930567341,,,,X
943455260,,,,X
930977842,,,,X
936041247,,,,X
931306699,,,,X
930559964,,,,X
204641665,,,,X
930116633,,X,,
946722256,,,,X
271240045,,,,X
931029151,,,,X
930833241,,,,X
204379510,,,,X
710874661,,X,,
930639118,,,,X
930800692,,,,X
202028975,,,,X
930975605,,,,X
205866897,,,,X
930751310,,X,,
930501838,,,,X
930951531,,,,X
930522130,,,,X
931069099,,,,X
931162366,,,,X
237252406,,,,X
912072298,,,,X
930115830,,X,,
800252850,,,,X
611686699,,,,X
930476873,,,,X
205491659,,,,X
930924815,,,,X
320082786,,,,X
931055994,,,,X
943076293,,,,X
931094933,,,,X
931315508,,,,X
930936063,,,,X
943113708,,,,X
930887838,,X,,
931154088,,,,X
930943494,,,,X
043594598,,,,X
930771833,,,,X
931297104,,,,X
453463744,,,,X
202587074,,,,X
201260228,,,,X
930831467,,,,X
943144895,,,,X
364642494,,,,X
930578714,,,,X
930986632,,,,X
931071103,,,,X
930594367,,,,X
930685729,,,,X
463852365,,,,X
911842787,,,,X
461492331,,,,X
264061084,,,,X
930739188,,,,X
462909692,,,,X
464901375,,,,X
930151383,,X,,
202381913,,,,X
930782467,,,,X
943453606,,,,X
952247299,,X,,
930584248,,,,X
810905254,,X,,
931283716,,,,X
680401509,,,,X
820561169,,X,,
721604232,,,,X
931303879,,,,X
811377870,,,,X
931280907,,,,X
930395593,,,,X
930517401,,,,X
930900864,,,,X
911755886,,,,X
930790440,,,,X
930391645,,,,X
931159383,,,,X
936041506,,,,X
931014222,,,,X
812116665,,,,X
930243383,,X,,
936030669,,,,X
264529118,,,,X
930470826,,X,,
930711337,,,,X
943089073,,,,X
930987176,,,,X
931010260,,,,X
930765746,,,,X
465267468,,,,X
510173092,,,,X
931310582,,,,X
930479079,,,,X
930772836,,,,X
930995453,,,,X
931314469,,,,X
936053828,,,,X
453543588,,,,X
936022916,,,,X
930256275,,X,,
460491274,,,,X
943101853,,,,X
930576289,,,,X
264822611,,,,X
930336168,,X,,
930594506,,,,X
811902616,,,,X
510141214,,,,X
930563617,,,,X
461771584,,,,X
943098610,,,,X
930818449,,,,X
814219378,,,,X
931330100,,,,X
930637017,,X,,
931296840,,,,X
911840582,,,,X
930147675,,X,,
931114601,,,,X
931117289,,,,X
930751998,,,,X
930999999,,,,X
930399048,,,,X
930549823,,X,,
911827440,,,,X
464704743,,,,X
930556298,,,,X
331027254,,,,X
270728766,,,,X
930238010,,X,,
931292445,,,,X
811344772,,,,X
911821187,,,,X
930873280,,,,X
753027143,,,,X
930681311,,,,X
930877986,,,,X
931116265,,,,X
930395586,,,,X
931299878,,,,X
943112571,,,,X
930865399,,,,X
930620260,,,,X
930846112,,,,X
202630181,,,,X
931255401,,,,X
237052989,,,,X
452995516,,,,X
930900110,,,,X
205439223,,X,,
931321004,,,,X
943116602,,,,X
930374385,,X,,
930514708,,X,,
930801581,,,,X
930638079,,,,X
930524232,,,,X
931079241,,,,X
510188664,,,,X
930901132,,,,X
931109798,,,,X
030590874,,,,X
203206107,,,,X
931200323,,,,X
931203198,,X,,
200773189,,,,X
930208571,,X,,
930508938,,,,X
540505932,,,,X
931111344,,,,X
943123483,,,,X
931049860,,,,X
936049581,,X,,
930503723,,,,X
930635871,,,,X
931310936,,,,X
931158243,,,,X
811678140,,,,X
911748485,,,,X
911015971,,X,,
680642817,,,,X
930513239,,X,,
930846600,,,,X
930480174,,X,,
870691702,,,,X
930611912,,X,,
813197491,,,,X
330317937,,,,X
930391640,,,,X
931276816,,,,X
930331712,,X,,
931019081,,,,X
208187573,,,,X
930710963,,,,X
930766087,,,,X
936095667,,,,X
931010269,,,,X
237048829,,,,X
530803417,,X,,
451300894,,,,X
930692905,,,,X
320305052,,X,,
930722979,,,,X
931102228,,X,,
810622430,,,,X
931090285,,,,X
204681686,,,,X
237147034,,,,X
930669529,,,,X
930775354,,,,X
530259080,,X,,
205797920,,,,X
930429383,,,,X
930724422,,,,X
930850607,,X,,
931059602,,,,X
931259522,,,,X
451457029,,,,X
930386836,,,,X
460987167,,,,X
936031951,,X,,
930820623,,,,X
931031380,,X,,
931318954,,,,X
911355711,,,,X
930591772,,,,X
931164757,,,,X
941712448,,,,X
930471981,,X,,
383692646,,,,X
813225629,,X,,
930780364,,,,X
930951954,,,,X
931027843,,,,X
931163555,,,,X
465759569,,,,X
931152222,,,,X
931306735,,,,X
371780990,,,,X
930344910,,X,,
930228976,,X,,
930604321,,,,X
930224840,,X,,
473873798,,,,X
205865035,,,,X
384049236,,,,X
930676661,,,,X
931012686,,,,X
232743830,,X,,
926004561,,,,X
930882138,,,,X
931320949,,,,X
473200676,,,,X
930298400,,X,,
272767920,,,,X
930457167,,,,X
931012211,,,,X
260389639,,,,X
931299601,,,,X
113764984,,,,X
680516066,,,,X
521938720,,X,,
936088946,,,,X
936312666,,X,,
510172420,,,,X
931301833,,,,X
930391555,,,,X
930783096,,,,X
930642086,,,,X
930384007,,,,X
330919329,,,,X
931289263,,,,X
261652936,,,,X
880377911,,,,X
930521848,,,,X
930847905,,,,X
931244973,,,,X
930700108,,,,X
930386978,,,,X
930848122,,,,X
930477279,,X,,
263161884,,,,X
522288711,,,,X
930306515,,X,,
421560891,,,,X
911794627,,,,X
930241680,,X,,
562459737,,,,X
936032883,,,,X
202736000,,,,X
930954555,,,,X
930505516,,X,,
930358258,,X,,
274764989,,X,,
930257930,,X,,
931180331,,,,X
930838318,,,,X
943395473,,,,X
930391641,,,,X
931311037,,,,X
208678122,,,,X
462750726,,,,X
931015598,,,,X
460878707,,,,X
020761530,,X,,
930115033,,X,,
465555439,,,,X
931296441,,,,X
930633804,,,,X
931222072,,,,X
930144236,,X,,
931146901,,,,X
521043668,,,,X
453726266,,,,X
931117662,,X,,
931250115,,,,X
930957815,,,,X
931306626,,,,X
931309129,,X,,
270734969,,,,X
930517948,,X,,
930797194,,,,X
911819749,,,,X
930338826,,X,,
936027731,,,,X
141872327,,,,X
930588108,,,,X
931131186,,,,X
930854417,,,,X
930847710,,,,X
208877231,,,,X
931294144,,,,X
936012576,,,,X
930179776,,X,,
931307461,,,,X
943215621,,,,X
931003193,,X,,
271434361,,,,X
931252146,,X,,
930332519,,X,,
202738271,,,,X
912141962,,,,X
263630613,,,,X
870745111,,,,X
911776964,,X,,
931329419,,,,X
930556378,,X,,
811338641,,,,X
930386820,,,,X
930691187,,,,X
931031300,,,,X
930685385,,,,X
931264297,,,,X
262020559,,X,,
931290320,,,,X
930935721,,X,,
930196305,,X,,
300180905,,,,X
930328609,,X,,
911787129,,,,X
930465079,,X,,
930591386,,,,X
203435655,,,,X
203837778,,,,X
931326007,,,,X
204482612,,,,X
931039346,,,,X
931121512,,,,X
930359759,,X,,
930793059,,,,X
930197580,,X,,
208688122,,,,X
931234456,,,,X
930386851,,,,X
930817907,,,,X
931029808,,,,X
930576782,,,,X
593815980,,,,X
911583492,,,,X
931205916,,,,X
930751507,,,,X
930854433,,,,X
460923905,,,,X
930971629,,,,X
931258715,,X,,
931264938,,,,X
931176721,,X,,
930773410,,,,X
930823952,,,,X
930763150,,,,X
237006873,,,,X
930793314,,,,X
930555518,,,,X
936031792,,,,X
930605471,,X,,
931092457,,,,X
930602094,,,,X
931327944,,,,X
841726124,,,,X
930821211,,,,X
911829147,,,,X
931331681,,,,X
203741107,,,,X
320288058,,,,X
930372286,,X,,
931267455,,,,X
930802257,,,,X
930808743,,,,X
810670151,,,,X
262018413,,,,X
421606106,,,,X
800440898,,,,X
930777701,,,,X
237136446,,,,X
203372393,,,,X
930930076,,,,X
943101015,,,,X
930594077,,,,X
271916927,,,,X
931025835,,,,X
237275617,,,,X
473777643,,,,X
930776334,,,,X
930466026,,,,X
593824209,,,,X
113663044,,,,X
352421535,,,,X
943240970,,X,,
452303537,,,,X
930855897,,X,,
931025497,,,,X
202884155,,,,X
263458029,,,,X
611541009,,,,X
931308095,,,,X
930796784,,X,,
930996918,,,,X
753207723,,,,X
930805586,,,,X
936031995,,X,,
020704277,,,,X
202012406,,,,X
931158929,,,,X
930472773,,,,X
931101422,,,,X
930919656,,,,X
930606729,,,,X
743192567,,,,X
930386838,,,,X
930896522,,,,X
930422242,,,,X
930747109,,X,,
431985190,,,,X
930702098,,X,,
930236781,,X,,
320237828,,,,X
460716639,,,,X
020706812,,,,X
472609004,,,,X
930881042,,,,X
931020969,,,,X
930633945,,X,,
431956560,,X,,
930829653,,,,X
271158468,,,,X
264836268,,,,X
931154155,,,,X
931060919,,,,X
930854605,,,,X
930969053,,,,X
931001159,,,,X
930519716,,,,X
930196935,,X,,
911824494,,,,X
300507198,,,,X
471948283,,X,,
611590160,,,,X
020584357,,,,X
261915236,,,,X
931152908,,,,X
450501163,,,,X
931212530,,,,X
943079497,,,,X
453632278,,X,,
930322985,,X,,
205787774,,,,X
936017100,,,,X
930514720,,,,X
930112705,,X,,
930741999,,,,X
930675043,,X,,
931222522,,,,X
931261999,,,,X
930843878,,,,X
237137120,,,,X
930576632,,,,X
930665804,,,,X
930576873,,X,,
208049182,,,,X
943360737,,,,X
208049325,,,,X
510447137,,X,,
710916277,,X,,
930163290,,X,,
931103293,,,,X
931202044,,,,X
260712302,,,,X
931258032,,,,X
931208756,,,,X
270646992,,,,X
930864239,,,,X
010765884,,,,X
510510512,,,,X
916072944,,X,,
930881865,,,,X
930851068,,,,X
931032897,,,,X
931269503,,,,X
931265144,,,,X
931277774,,,,X
930816161,,,,X
931327847,,,,X
262304524,,,,X
930934830,,,,X
930574857,,,,X
931155569,,,,X
931053932,,,,X
453724787,,X,,
936041059,,X,,
930138235,,X,,
931186407,,,,X
412163267,,,,X
930919339,,,,X
460511855,,,,X
930188235,,X,,
936071709,,,,X
204643206,,,,X
931287234,,,,X
930669357,,,,X
931330504,,,,X
930805594,,,,X
911788798,,,,X
950934065,,,,X
930893185,,X,,
930428566,,,,X
930696250,,,,X
463995696,,X,,
931146207,,,,X
800407220,,,,X
943028590,,,,X
800518146,,,,X
931045925,,,,X
931123478,,,,X
930169132,,X,,
931193250,,,,X
931206828,,,,X
931270807,,,,X
931246605,,,,X
930792125,,,,X
931283107,,,,X
237334851,,,,X
431964291,,,,X
930957932,,,,X
462580975,,,,X
371846934,,,,X
911815618,,,,X
930568356,,,,X
205602442,,,,X
770196208,,,,X
931217269,,,,X
141846714,,,,X
930749483,,,,X
237088799,,,,X
810650183,,,,X
201627314,,,,X
930386902,,,,X
931255989,,,,X
472022300,,,,X
205085400,,,,X
510603464,,,,X
930698327,,,,X
930718181,,X,,
542073930,,,,X
930331932,,X,,
237087718,,,,X
930752879,,,,X
930506233,,,,X
930748169,,,,X
202427855,,,,X
383709149,,,,X
930885766,,,,X
930390848,,X,,
931009329,,X,,
931298800,,,,X
930803423,,,,X
237283223,,X,,
930579649,,,,X
931078791,,,,X
721574586,,,,X
930170027,,X,,
930838454,,,,X
911817635,,X,,
205686374,,,,X
261524406,,,,X
274821123,,,,X
510157168,,X,,
930952207,,,,X
930109215,,X,,
931127536,,,,X
270723181,,,,X
930763605,,X,,
930115760,,X,,
830433165,,,,X
931188791,,,,X
930803583,,,,X
930950453,,,,X
943105555,,,,X
931168181,,,,X
930183015,,X,,
931029893,,,,X
911826399,,X,,
680414810,,,,X
943098470,,,,X
263181272,,,,X
931283456,,,,X
451638578,,,,X
522368753,,,,X
930627041,,X,,
943125475,,,,X
470909658,,,,X
930262360,,X,,
453812405,,,,X
930723482,,,,X
936030371,,,,X
911838169,,,,X
930696480,,,,X
202305808,,,,X
931032986,,,,X
931329820,,,,X
237026590,,X,,
931248359,,X,,
931266613,,,,X
930115140,,X,,
454726335,,,,X
271714059,,,,X
930772616,,,,X
205922785,,X,,
930565516,,,,X
930350614,,X,,
421762561,,,,X
463206790,,,,X
930387759,,X,,
930731192,,,,X
930168774,,X,,
930408077,,,,X
201688621,,,,X
262795064,,,,X
463780208,,,,X
271344277,,,,X
930421613,,,,X
931124364,,,,X
930905013,,,,X
270781122,,,,X
930291438,,,,X
710879090,,,,X
467059268,,,,X
930195535,,X,,
930766082,,X,,
931258154,,,,X
472352652,,,,X
271620953,,,,X
930707569,,X,,
331098775,,,,X
931170546,,,,X
930128630,,X,,
930834195,,,,X
472290922,,,,X
237444610,,,,X
930934866,,,,X
936041252,,,,X
274675345,,,,X
931309725,,,,X
931057956,,,,X
931318052,,,,X
931065133,,,,X
371749992,,,,X
931230409,,,,X
237232987,,,,X
460911202,,,,X
930951533,,,,X
931177957,,,,X
930937296,,X,,
930606579,,,,X
822972478,,,,X
931156358,,,,X
936213036,,,,X
743098100,,,,X
931121108,,X,,
911755585,,,,X
930797197,,,,X
930639711,,,,X
237220421,,,,X
930582360,,X,,
465160062,,X,,
911786717,,,,X
930573929,,X,,
930324966,,X,,
451778609,,,,X
931268509,,X,,
930983539,,,,X
930784536,,,,X
931006823,,,,X
931179323,,,,X
452747042,,X,,
931058134,,,,X
931306035,,,,X
930848235,,,,X
936097106,,,,X
412065177,,,,X
870690147,,,,X
271098567,,,,X
930854671,,,,X
930716906,,X,,
841239976,,,,X
943168157,,,,X
930578180,,X,,
930743226,,,,X
930117719,,X,,
237194115,,X,,
930565013,,X,,
930574297,,,,X
455271483,,,,X
936030372,,,,X
930243395,,X,,
811441427,,,,X
930921617,,,,X
931155559,,,,X
471863402,,,,X
930519645,,X,,
362953530,,X,,
270056693,,,,X
237067121,,,,X
270708680,,X,,
931093479,,,,X
930562020,,,,X
274884880,,,,X
931318062,,,,X
936094804,,,,X
237060946,,,,X
810641200,,,,X
931069211,,,,X
464053284,,,,X
930196206,,X,,
930376914,,X,,
562650476,,,,X
930122401,,X,,
931032896,,,,X
930702412,,,,X
931290284,,,,X
930386871,,,,X
930818729,,X,,
930884453,,,,X
931187474,,,,X
931040482,,X,,
931285710,,,,X
943098623,,,,X
262061664,,,,X
204058293,,,,X
911757262,,,,X
300030212,,,,X
263869062,,,,X
471364469,,,,X
272992818,,,,X
930577208,,,,X
263710345,,,,X
364494477,,,,X
931200312,,,,X
113823736,,,,X
931079518,,,,X
320114739,,,,X
943143225,,,,X
943051415,,,,X
930682416,,,,X
931246139,,,,X
050562732,,,,X
930784084,,X,,
931507832,,,,X
911779425,,,,X
936027711,,,,X
930691750,,,,X
931085791,,X,,
431980251,,,,X
311571929,,,,X
264134045,,,,X
464276182,,,,X
930384094,,X,,
931319372,,,,X
202573582,,,,X
943141603,,,,X
474077068,,,,X
237100856,,,,X
930122373,,X,,
810607118,,,,X
273330368,,X,,
800553186,,,,X
237259489,,,,X
931141508,,,,X
201234712,,,,X
470914054,,,,X
475657983,,,,X
300143892,,,,X
931038827,,,,X
521889861,,,,X
806116047,,X,,
931271399,,,,X
931177971,,,,X
930942644,,X,,
202430301,,,,X
391656980,,,,X
930795138,,X,,
472518719,,,,X
930901924,,,,X
821749087,,,,X
930810393,,X,,
931156152,,,,X
930638731,,,,X
371582139,,,,X
465544340,,,,X
930803636,,,,X
943074341,,,,X
311682324,,,,X
931040496,,,,X
931088674,,,,X
237315437,,X,,
931162941,,,,X
930778635,,X,,
930931059,,,,X
203549992,,,,X
931304717,,,,X
273122906,,,,X
930547553,,,,X
930927305,,,,X
352304457,,,,X
931320715,,,,X
237058775,,X,,
936031470,,,,X
930256561,,X,,
931196151,,,,X
274016418,,,,X
454021068,,X,,
931310666,,,,X
237291187,,,,X
931120631,,X,,
931172258,,,,X
930599526,,,,X
936088847,,X,,
930626175,,,,X
911802037,,X,,
931062727,,X,,
930734928,,X,,
237088797,,,,X
930793142,,,,X
936010464,,,,X
931185120,,,,X
930989730,,,,X
760782755,,,,X
931011913,,,,X
931326167,,,,X
931301433,,,,X
203596824,,X,,
510136116,,,,X
930736369,,,,X
943112973,,,,X
930638178,,,,X
931009470,,,,X
272773359,,,,X
930268299,,X,,
931088962,,,,X
352269965,,,,X
931128220,,,,X
930250590,,X,,
931297400,,,,X
261600475,,,,X
930813271,,,,X
911672700,,,,X
930913392,,,,X
205460326,,,,X
260133872,,X,,
943211472,,X,,
471791195,,,,X
930948548,,,,X
930593668,,X,,
930509173,,,,X
204151057,,,,X
237438503,,,,X
943218650,,,,X
931208608,,,,X
680556077,,,,X
861077975,,,,X
271756201,,,,X
930818476,,,,X
930819844,,,,X
930767381,,,,X
264228349,,,,X
680506282,,,,X
237227761,,,,X
261103671,,,,X
263036492,,,,X
237382469,,X,,
930867552,,,,X
453744697,,,,X
203569580,,,,X
930593238,,X,,
930572034,,,,X
721618287,,,,X
271628944,,,,X
205560832,,,,X
201760894,,,,X
910267335,,X,,
371440246,,,,X
930621433,,,,X
463830031,,,,X
208035378,,,,X
208430297,,,,X
272151955,,,,X
930776616,,,,X
936134967,,,,X
931065518,,,,X
930792490,,X,,
900586696,,,,X
931186075,,,,X
274682873,,,,X
930112213,,X,,
205111506,,,,X
510157135,,,,X
931285370,,,,X
931180321,,,,X
930800739,,,,X
611557140,,,,X
931249369,,,,X
931269989,,,,X
461778586,,X,,
931258474,,,,X
237088818,,X,,
930763734,,,,X
237450926,,X,,
930853414,,,,X
204343950,,,,X
462649265,,,,X
930667383,,,,X
931090612,,,,X
931281870,,,,X
931270846,,,,X
930882559,,,,X
204145965,,,,X
800436735,,,,X
930635362,,,,X
931078155,,,,X
760774777,,,,X
930151638,,X,,
472342652,,,,X
431968342,,,,X
943140067,,,,X
930818429,,,,X
200969679,,,,X
931279550,,,,X
953497056,,,,X
930798451,,,,X
930848793,,,,X
931011227,,,,X
205276353,,,,X
202782595,,,,X
455524830,,,,X
452859659,,,,X
223878683,,,,X
743067545,,,,X
204270408,,,,X
930881300,,,,X
930952197,,,,X
455588592,,,,X
930981933,,,,X
931310735,,,,X
461240416,,,,X
204021573,,,,X
236397427,,,,X
931216593,,,,X
936024785,,X,,
930875209,,,,X
931281568,,X,,
930895209,,,,X
930478727,,X,,
364533809,,,,X
936027360,,X,,
510154995,,,,X
931263288,,,,X
942985490,,,,X
272131195,,,,X
930472798,,X,,
930762986,,,,X
930831324,,,,X
462041048,,,,X
800360134,,,,X
203673850,,,,X
931083061,,,,X
930722365,,,,X
930452721,,X,,
931181863,,,,X
930561262,,X,,
930364662,,X,,
770625836,,,,X
930497235,,,,X
931215089,,,,X
930681430,,,,X
931275137,,,,X
930159225,,X,,
931213728,,,,X
931281392,,,,X
931238799,,,,X
462004348,,,,X
462945449,,,,X
936034527,,,,X
930884244,,X,,
931213641,,,,X
930302009,,X,,
930721765,,,,X
201821723,,,,X
272562371,,,,X
201024637,,,,X
930796366,,,,X
474223651,,X,,
930464194,,,,X
930722366,,,,X
931129647,,,,X
930847940,,,,X
930730486,,,,X
911492542,,,,X
237079356,,,,X
930513552,,,,X
521734984,,X,,
943061005,,,,X
811471087,,,,X
203131435,,,,X
311532248,,,,X
936066392,,,,X
203180915,,X,,
203534560,,,,X
931000082,,X,,
931081742,,X,,
931296341,,,,X
930813269,,,,X
272714653,,,,X
930586866,,X,,
936024925,,X,,
930213280,,X,,
936032140,,,,X
936031284,,,,X
020658798,,,,X
943076587,,,,X
421598432,,,,X
931262846,,,,X
931281951,,,,X
931261580,,,,X
931124501,,,,X
930955296,,,,X
931256066,,,,X
930775640,,X,,
264801471,,X,,
930562275,,X,,
237345974,,,,X
262429241,,,,X
264038270,,,,X
931144709,,,,X
936038553,,X,,
930936464,,,,X
274743976,,,,X
930557517,,X,,
936032241,,X,,
936031803,,X,,
930911198,,X,,
943102607,,X,,
205164853,,,,X
943040817,,,,X
680443662,,,,X
931054093,,,,X
721613750,,,,X
931175944,,,,X
463114493,,,,X
931045353,,,,X
931148994,,,,X
930992858,,,,X
936022739,,X,,
411784046,,X,,
262998882,,,,X
300002011,,,,X
931171301,,,,X
061669651,,X,,
931330126,,,,X
930616451,,X,,
264078244,,,,X
930439765,,,,X
930724691,,,,X
931249299,,X,,
936031740,,X,,
930406532,,X,,
454131862,,,,X
061669649,,,,X
931311608,,,,X
943101513,,,,X
936033853,,,,X
943131764,,X,,
930779926,,,,X
931264009,,,,X
820727416,,,,X
931073658,,,,X
931308023,,,,X
930679959,,,,X
262518913,,,,X
930907543,,,,X
237110850,,X,,
930794078,,,,X
237115008,,X,,
930697099,,,,X
931187879,,,,X
204055635,,,,X
930991167,,,,X
931271238,,,,X
200758858,,,,X
237088803,,,,X
201816376,,,,X
931239982,,,,X
930617863,,X,,
454176224,,,,X
930699888,,,,X
930872565,,,,X
930228793,,X,,
742374656,,X,,
464296454,,,,X
263664835,,,,X
743261833,,,,X
930727839,,,,X
943257970,,,,X
930341188,,X,,
931127754,,,,X
930393118,,X,,
930961591,,,,X
272209703,,,,X
811337449,,,,X
470898679,,X,,
930188103,,X,,
271907027,,,,X
931151372,,,,X
260416765,,,,X
800455845,,,,X
931040479,,,,X
930919495,,,,X
743052925,,,,X
936030143,,X,,
205351113,,,,X
931064520,,,,X
931220479,,,,X
200092657,,,,X
930551733,,,,X
930832299,,X,,
911846393,,X,,
814978022,,,,X
270938109,,,,X
930802694,,X,,
930702088,,X,,
930979294,,,,X
237240503,,,,X
471465358,,,,X
931320571,,,,X
930460749,,,,X
911737883,,,,X
931071758,,,,X
474687471,,,,X
911846241,,,,X
931150366,,,,X
931155647,,,,X
931258906,,,,X
930873279,,,,X
371870249,,,,X
473975911,,,,X
930880205,,,,X
273339796,,,,X
930871161,,,,X
930766824,,X,,
930822389,,,,X
931168567,,,,X
931091269,,,,X
930823216,,,,X
364588657,,,,X
263675794,,,,X
930122405,,X,,
930736403,,,,X
731634365,,,,X
473727282,,,,X
931294230,,,,X
931122800,,,,X
931040395,,,,X
931234367,,,,X
930388543,,X,,
205773688,,,,X
208430070,,X,,
931226663,,,,X
262460520,,,,X
930286205,,X,,
930268510,,X,,
930687293,,,,X
930687567,,X,,
451510255,,,,X
200038065,,,,X
931112566,,,,X
263757028,,,,X
452937097,,,,X
814453786,,,,X
542172556,,,,X
931058377,,,,X
943036846,,,,X
930655489,,,,X
931017956,,X,,
930501864,,X,,
930328464,,X,,
931272479,,X,,
812114065,,X,,
930753495,,X,,
930794951,,,,X
936013898,,,,X
936094816,,,,X
931111942,,X,,
461225723,,,,X
721536873,,,,X
930280615,,X,,
931084099,,X,,
936042000,,X,,
510551932,,,,X
930257382,,X,,
363032383,,X,,
931268887,,,,X
936030803,,,,X
936042091,,,,X
930878422,,,,X
311012952,,,,X
930474342,,X,,
930814445,,,,X
930456444,,X,,
263929297,,,,X
462972090,,,,X
237024982,,,,X
930329561,,X,,
930255950,,X,,
611666668,,,,X
930825064,,,,X
237404525,,X,,
320202371,,,,X
936044352,,,,X
930813258,,,,X
930892261,,,,X
930615775,,,,X
237211735,,,,X
931029326,,X,,
043603409,,,,X
930867777,,X,,
930094834,,X,,
237177330,,X,,
930765046,,X,,
930575137,,,,X
264572130,,,,X
814643539,,,,X
930672605,,,,X
931037936,,X,,
260813058,,,,X
237199077,,X,,
237001367,,X,,
931123932,,,,X
930769100,,,,X
931264722,,,,X
930669285,,,,X
261666325,,,,X
936031045,,X,,
930861639,,,,X
930413990,,X,,
930807685,,,,X
452963767,,X,,
475040896,,,,X
203326373,,,,X
936027995,,,,X
931160018,,,,X
931320051,,,,X
936098153,,X,,
930744941,,,,X
930858825,,,,X
943194409,,,,X
931151382,,,,X
931140056,,,,X
931062982,,,,X
930735343,,,,X
208790449,,,,X
201226604,,,,X
931041158,,,,X
811730448,,X,,
931208405,,,,X
930704993,,X,,
930910160,,,,X
930683005,,X,,
930140220,,,,X
510191790,,,,X
473840696,,X,,
931112592,,,,X
931326625,,,,X
930749992,,,,X
931176482,,X,,
930914340,,,,X
460463956,,X,,
930603023,,X,,
930623407,,,,X
930796407,,,,X
936041670,,,,X
371778239,,,,X
936031783,,,,X
930441766,,,,X
202687181,,,,X
930241560,,X,,
431432021,,X,,
030456181,,,,X
930438697,,X,,
930786506,,,,X
931162435,,,,X
930381128,,X,,
472153766,,,,X
203530960,,,,X
412168110,,,,X
930680742,,,,X
943153463,,,,X
930717013,,,,X
930336999,,X,,
452667299,,,,X
330723960,,,,X
930632522,,,,X
930976110,,,,X
931190310,,,,X
931255633,,,,X
930496650,,X,,
510153335,,,,X
936024287,,,,X
930682075,,,,X
930915867,,X,,
930163375,,X,,
930769884,,X,,
911807304,,,,X
930638179,,,,X
475181333,,,,X
936098925,,,,X
900344383,,,,X
931097711,,,,X
270413006,,,,X
261932352,,,,X
936031765,,X,,
943090169,,,,X
930885266,,,,X
930573791,,,,X
510511301,,,,X
260322213,,,,X
930834020,,,,X
931242731,,,,X
936033096,,X,,
931146337,,X,,
931295272,,,,X
453729152,,,,X
271123896,,,,X
260076749,,,,X
462515495,,,,X
931025665,,,,X
930846850,,,,X
237131015,,,,X
930196193,,X,,
263585433,,,,X
820604981,,X,,
930690723,,,,X
930943539,,,,X
810523954,,,,X
931293019,,,,X
931162218,,,,X
930654269,,,,X
930494085,,X,,
930824369,,,,X
930798322,,,,X
472309274,,,,X
371836550,,,,X
273823320,,,,X
931279574,,,,X
930589764,,X,,
930280680,,X,,
460545789,,,,X
930699977,,,,X
930902056,,X,,
931090685,,,,X
900208522,,,,X
930297249,,X,,
930883280,,,,X
930843261,,,,X
930730133,,,,X
651228719,,,,X
274319781,,X,,
462172193,,,,X
931295885,,,,X
463691938,,,,X
936033120,,X,,
463091737,,X,,
936023450,,,,X
911274135,,,,X
936031819,,,,X
453781829,,,,X
203681041,,,,X
930451732,,X,,
200352077,,,,X
270926234,,,,X
931257753,,,,X
931076130,,,,X
912140609,,X,,
930623648,,X,,
931167487,,,,X
264523843,,,,X
931190084,,,,X
043578179,,X,,
936031258,,X,,
270377378,,X,,
043401323,,,,X
931284335,,,,X
936039354,,,,X
141983869,,X,,
237207991,,,,X
311662208,,,,X
936097748,,X,,
203813278,,,,X
936041286,,,,X
931099912,,,,X
931075047,,,,X
931287230,,,,X
743052430,,,,X
813713195,,X,,
800505305,,,,X
930799658,,,,X
931105205,,,,X
930923775,,,,X
931130262,,,,X
472770228,,,,X
582670951,,,,X
202021524,,X,,
473355131,,,,X
930862641,,,,X
237023370,,,,X
931277926,,,,X
300792170,,,,X
931329192,,,,X
462856284,,,,X
931176313,,,,X
260694904,,,,X
943117919,,,,X
931151635,,,,X
274383273,,,,X
527320419,,X,,
451801715,,X,,
931200432,,X,,
710933809,,,,X
680577560,,,,X
930770465,,,,X
931147979,,,,X
454810269,,,,X
810583065,,,,X
204034255,,,,X
300340412,,,,X
271265550,,,,X
133929315,,X,,
930215270,,X,,
311676770,,,,X
846022941,,,,X
931251717,,X,,
200213467,,,,X
943069829,,X,,
931170796,,X,,
930297164,,X,,
930511950,,,,X
200155231,,,,X
912080323,,X,,
264449347,,,,X
943058546,,,,X
205878551,,,,X
510185021,,,,X
930363587,,X,,
201975263,,,,X
931081536,,,,X
930292610,,X,,
930241594,,X,,
320000467,,,,X
812850747,,X,,
930821217,,,,X
943143417,,,,X
930694295,,,,X
931327535,,,,X
830363480,,,,X
930714716,,,,X
274221286,,X,,
943184018,,,,X
263736741,,X,,
930705342,,,,X
237181999,,,,X
930329226,,X,,
461675159,,,,X
930718331,,,,X
936015296,,,,X
930243381,,X,,
261372818,,,,X
271440140,,,,X
201824854,,,,X
452177036,,,,X
931236854,,,,X
352212258,,,,X
931016272,,X,,
462783389,,,,X
651209796,,,,X
931144703,,,,X
930884148,,,,X
462028748,,,,X
931322729,,,,X
264271875,,,,X
931258357,,,,X
943037898,,,,X
930684067,,X,,
452657743,,,,X
930748812,,,,X
474410021,,,,X
930859501,,,,X
870452722,,,,X
930919233,,,,X
311674605,,,,X
743103432,,,,X
911787981,,,,X
930223400,,X,,
311677531,,,,X
930778462,,,,X
562497219,,,,X
930775337,,,,X
931321639,,X,,
931150592,,,,X
930811197,,,,X
931108531,,X,,
311501719,,,,X
911786694,,,,X
931110745,,,,X
930959104,,,,X
930917940,,,,X
930790443,,,,X
930553172,,,,X
911853159,,,,X
930995686,,,,X
821200543,,,,X
943138500,,,,X
300656123,,,,X
203645277,,,,X
931158780,,,,X
821096766,,,,X
462698843,,,,X
931321009,,,,X
205994687,,,,X
030529330,,,,X
201421190,,,,X
930671963,,,,X
930911191,,,,X
936036653,,,,X
943138507,,,,X
930816850,,X,,
651166066,,,,X
464606086,,,,X
943180347,,,,X
930276645,,X,,
454526814,,,,X
931229840,,,,X
930446513,,,,X
475274064,,,,X
930423900,,X,,
472268814,,,,X
931216398,,,,X
300519872,,,,X
930964181,,,,X
300360180,,,,X
203189709,,,,X
453793511,,,,X
930953615,,,,X
463538750,,,,X
936024129,,,,X
943247154,,,,X
930818096,,X,,
936021614,,X,,
931313980,,,,X
931270845,,,,X
208982518,,,,X
911848416,,,,X
931028727,,X,,
936032882,,X,,
261535453,,,,X
930570227,,X,,
930928813,,,,X
271723872,,,,X
930235323,,X,,
300407470,,,,X
931322736,,,,X
931180660,,,,X
310894018,,X,,
452550090,,,,X
930556522,,X,,
930386355,,,,X
930372657,,X,,
936030585,,X,,
930812789,,,,X
201782610,,,,X
931178553,,,,X
911798357,,X,,
821826994,,,,X
931290054,,,,X
930799089,,,,X
931261279,,,,X
651208462,,,,X
930867408,,,,X
930575301,,X,,
237049918,,X,,
931166521,,,,X
813791683,,,,X
931035820,,,,X
930988530,,,,X
262910949,,,,X
930843837,,,,X
930775602,,,,X
452474481,,,,X
931014651,,,,X
943194403,,,,X
930383321,,,,X
454526190,,,,X
930949446,,X,,
930845197,,,,X
930555329,,,,X
936095313,,X,,
943211347,,X,,
841482706,,,,X
936023103,,X,,
943144630,,X,,
930908560,,X,,
237097546,,,,X
930854853,,X,,
474653105,,,,X
930169158,,X,,
463458457,,,,X
455100719,,,,X
931114786,,,,X
391460266,,,,X
930818031,,,,X
931120777,,,,X
462885106,,,,X
931061171,,X,,
931062729,,,,X
201455992,,,,X
930872821,,,,X
936024058,,,,X
931127258,,,,X
204757054,,,,X
204525402,,,,X
911259419,,X,,
473268808,,,,X
936030759,,X,,
936032303,,X,,
366142488,,X,,
472943786,,,,X
930321889,,X,,
930995215,,,,X
930698692,,,,X
931051752,,,,X
930607742,,,,X
931279933,,X,,
930677914,,,,X
930783407,,,,X
936031043,,X,,
930585893,,,,X
936025585,,,,X
930363715,,X,,
931294227,,,,X
800762454,,,,X
930112196,,X,,
930309750,,X,,
455432281,,,,X
931282671,,,,X
205502851,,,,X
475136245,,,,X
237033569,,X,,
273067948,,,,X
931296756,,,,X
936040884,,X,,
510186372,,,,X
743140832,,,,X
930748805,,X,,
930269205,,X,,
261077725,,,,X
931320441,,X,,
800038835,,X,,
936049712,,X,,
450519586,,,,X
936031469,,X,,
930834500,,,,X
651203900,,,,X
930613470,,X,,
930455775,,X,,
930930033,,X,,
931153131,,,,X
262907232,,,,X
460907112,,,,X
930252880,,X,,
522363626,,,,X
931310131,,,,X
931104289,,,,X
911768607,,,,X
237008620,,X,,
930771249,,,,X
930788610,,X,,
470797478,,X,,
931177738,,X,,
931247394,,,,X
364591261,,,,X
530204656,,,,X
465268593,,,,X
930896872,,,,X
930448016,,X,,
930891239,,,,X
472176553,,,,X
930779289,,,,X
930729390,,X,,
680546503,,,,X
473435485,,,,X
936025596,,X,,
930774594,,,,X
930938966,,,,X
383797599,,X,,
464714467,,,,X
931073288,,,,X
205055132,,,,X
680481140,,,,X
931149996,,,,X
943102115,,,,X
471067268,,,,X
270049012,,,,X
930766097,,,,X
010715181,,,,X
930814490,,,,X
261357376,,,,X
261144158,,,,X
930556144,,X,,
943029548,,,,X
931000994,,,,X
201006407,,,,X
800554538,,,,X
936001931,,X,,
311520436,,,,X
930545940,,,,X
821210883,,X,,
930864466,,,,X
931172164,,,,X
930654603,,X,,
275222528,,,,X
611431341,,,,X
930894565,,,,X
930942925,,X,,
201148111,,,,X
931139782,,,,X
452586013,,,,X
205717653,,,,X
930414274,,X,,
931030730,,,,X
237393223,,,,X
930137505,,X,,
936032742,,,,X
931037644,,,,X
911031100,,,,X
352167322,,,,X
931255889,,,,X
455234094,,,,X
472877104,,,,X
936024034,,,,X
203201366,,,,X
113097675,,,,X
931062307,,,,X
412185841,,,,X
930993469,,,,X
930942933,,,,X
943059059,,,,X
931230131,,,,X
451214681,,,,X
930653277,,X,,
201103586,,,,X
131134622,,,,X
205371832,,,,X
412097602,,,,X
943091689,,,,X
260634723,,,,X
930321184,,X,,
930844065,,X,,
911761885,,,,X
931279736,,,,X
270869273,,,,X
731684628,,,,X
930920785,,,,X
237026046,,X,,
300516378,,,,X
931310463,,X,,
510489285,,,,X
930819366,,,,X
931071753,,,,X
930799344,,,,X
237328974,,X,,
452770172,,,,X
943067140,,,,X
930881652,,X,,
930700353,,X,,
930921093,,,,X
260498033,,,,X
930816421,,,,X
930773476,,,,X
931321759,,,,X
931148357,,,,X
383849129,,,,X
460685338,,,,X
930388548,,X,,
813530015,,,,X
237211862,,,,X
352335421,,X,,
237448353,,,,X
205794189,,X,,
311399194,,X,,
208192679,,,,X
421737854,,,,X
930581138,,X,,
943183802,,,,X
300064561,,,,X
452408314,,,,X
900292647,,,,X
911369630,,,,X
300037898,,,,X
931250482,,,,X
931320700,,,,X
474179669,,,,X
943141614,,,,X
930821866,,,,X
272837197,,,,X
453789421,,,,X
936041248,,,,X
463741710,,,,X
930822721,,X,,
200165409,,,,X
943138410,,,,X
237427640,,X,,
936024969,,X,,
473955487,,,,X
930772212,,X,,
320414056,,X,,
364829234,,,,X
810603385,,,,X
931320573,,,,X
260656613,,X,,
204758238,,,,X
454999599,,,,X
931300204,,,,X
930123625,,X,,
930994040,,X,,
931075872,,,,X
203651672,,,,X
911165662,,,,X
931139951,,X,,
931013951,,,,X
916050879,,X,,
931328582,,,,X
930429518,,X,,
930439724,,X,,
930362839,,X,,
274672151,,,,X
930852980,,,,X
465066887,,,,X
931204172,,,,X
931045725,,X,,
931008403,,,,X
931063394,,,,X
462377054,,,,X
421757328,,,,X
680455097,,,,X
930256905,,X,,
931172207,,,,X
300554675,,,,X
930390147,,,,X
936030683,,X,,
271047308,,,,X
930959993,,,,X
943078547,,,,X
931121816,,,,X
300437163,,X,,
936015374,,X,,
930160415,,X,,
936030726,,X,,
205610889,,,,X
943098016,,,,X
936025357,,,,X
264274557,,,,X
300999403,,,,X
931084126,,,,X
800297013,,,,X
930887396,,X,,
931257422,,X,,
473635380,,,,X
931097760,,X,,
930841560,,X,,
680524940,,,,X
421762620,,,,X
810969124,,,,X
261517773,,,,X
931268069,,,,X
943113791,,,,X
930667831,,,,X
931019788,,,,X
930131385,,X,,
931177836,,,,X
300390131,,,,X
271632045,,,,X
311587418,,,,X
910353245,,X,,
931251362,,,,X
931011604,,,,X
930999442,,,,X
931309045,,X,,
931216396,,,,X
880267457,,X,,
931321979,,,,X
930587569,,X,,
931231250,,,,X
931267585,,,,X
930667629,,,,X
581773512,,,,X
930572009,,X,,
930986405,,,,X
464451148,,,,X
141941732,,,,X
237111839,,X,,
930520191,,X,,
202808020,,,,X
930842933,,,,X
911780361,,,,X
911787357,,,,X
911764453,,,,X
264827713,,X,,
300315618,,,,X
931028834,,X,,
930641092,,,,X
931061561,,,,X
930824203,,,,X
311780332,,,,X
930241131,,X,,
931200931,,,,X
931202061,,,,X
931209508,,,,X
943178822,,,,X
930454995,,,,X
237324136,,X,,
931148185,,,,X
930674705,,X,,
936039316,,,,X
510180514,,,,X
464586505,,X,,
931318144,,,,X
222647786,,,,X
205289738,,,,X
810604730,,,,X
271945025,,,,X
237090047,,,,X
980087643,,,,X
900866667,,,,X
930195537,,X,,
931226903,,,,X
263102015,,,,X
930826652,,X,,
611739048,,X,,
930881484,,,,X
930877416,,X,,
931056376,,X,,
930396033,,X,,
931181887,,,,X
931167214,,,,X
931241304,,,,X
931154632,,,,X
931268692,,,,X
237025546,,X,,
931072622,,X,,
201109235,,,,X
931146935,,,,X
931120037,,,,X
930581430,,X,,
930963284,,X,,
943163349,,,,X
330560224,,,,X
260068805,,,,X
462488593,,,,X
930756833,,,,X
936031454,,,,X
900103944,,,,X
860993119,,,,X
930658352,,,,X
237140608,,X,,
930704480,,,,X
931102851,,,,X
930442683,,X,,
371621141,,,,X
936028867,,X,,
936029436,,,,X
930609350,,,,X
930835733,,,,X
930724486,,X,,
455496763,,,,X
364541988,,,,X
273855114,,,,X
930733174,,,,X
936097252,,,,X
208904928,,,,X
300137313,,,,X
930876290,,,,X
813568151,,,,X
202906575,,,,X
943085445,,,,X
930594295,,,,X
930568258,,X,,
930652807,,X,,
271248762,,,,X
930866964,,,,X
931138243,,X,,
936027641,,X,,
931315142,,,,X
930581523,,X,,
931314764,,,,X
930112193,,X,,
680510491,,X,,
930718913,,,,X
521116693,,,,X
931071409,,,,X
930643830,,,,X
464761595,,,,X
760752134,,,,X
936024919,,,,X
271495485,,,,X
931098358,,,,X
931329229,,,,X
352533894,,X,,
205593328,,,,X
930122382,,X,,
930686098,,,,X
651224857,,,,X
463794416,,,,X
931290307,,X,,
930652792,,X,,
452901016,,,,X
931077620,,X,,
471896901,,,,X
931128004,,X,,
473125530,,,,X
930764167,,,,X
943192760,,,,X
930253202,,X,,
270177878,,,,X
930983284,,X,,
463792129,,,,X
936031203,,X,,
930987757,,,,X
936030981,,X,,
930147668,,X,,
272614592,,,,X
931326307,,,,X
455114020,,,,X
814241889,,X,,
202934930,,,,X
300150634,,X,,
200526917,,,,X
300403929,,X,,
263788260,,,,X
936026553,,X,,
272076836,,,,X
931107831,,X,,
930232284,,X,,
931113346,,,,X
930791477,,,,X
930855877,,,,X
930252900,,X,,
474110657,,X,,
936028410,,X,,
260226994,,,,X
271064431,,,,X
931208359,,,,X
930771425,,,,X
930681812,,X,,
931064121,,,,X
202582034,,,,X
930845104,,,,X
931321755,,,,X
930496840,,X,,
274414937,,,,X
943149720,,,,X
900418147,,,,X
931064935,,,,X
930427037,,,,X
931053741,,,,X
930688381,,,,X
930202833,,,,X
452413443,,,,X
930913394,,X,,
931263998,,,,X
930360089,,X,,
931188307,,X,,
930822406,,,,X
931089891,,X,,
460494613,,,,X
930587874,,X,,
050634136,,,,X
452851834,,,,X
931000938,,,,X
205953011,,,,X
930934777,,,,X
930857287,,X,,
930825788,,,,X
930909586,,,,X
930493441,,,,X
383739151,,,,X
452852652,,,,X
930968756,,,,X
931265811,,,,X
943055593,,,,X
931293021,,,,X
931174875,,X,,
930921983,,,,X
931330699,,,,X
464080885,,,,X
931314105,,,,X
453692877,,,,X
270745177,,,,X
930588743,,X,,
841641552,,,,X
930570653,,X,,
043774565,,,,X
931241436,,,,X
262194507,,,,X
311587415,,,,X
930122410,,X,,
930367859,,X,,
936026158,,X,,
930593128,,X,,
263561170,,,,X
931191371,,,,X
930981209,,X,,
300745582,,,,X
930329038,,X,,
263027262,,,,X
930357744,,X,,
930773478,,,,X
161774114,,,,X
931207769,,,,X
936038023,,,,X
931282682,,,,X
931309767,,,,X
930930394,,X,,
202683560,,,,X
943212537,,,,X
930578424,,X,,
930967313,,,,X
453558243,,,,X
203108431,,,,X
352190336,,,,X
930900095,,,,X
911826263,,,,X
931188684,,X,,
510162615,,X,,
931321280,,,,X
931189853,,,,X
930347514,,X,,
930901914,,,,X
262566500,,,,X
237143235,,X,,
510530995,,X,,
930624349,,,,X
201111444,,X,,
930875897,,X,,
814610846,,,,X
272927649,,,,X
931067591,,,,X
930295897,,X,,
911814094,,,,X
383775863,,,,X
930589287,,X,,
943212540,,,,X
273399695,,,,X
930421487,,X,,
201285400,,,,X
464190513,,,,X
461018517,,,,X
462004054,,,,X
464120269,,,,X
471489673,,,,X
930515970,,X,,
931318416,,,,X
943196455,,,,X
931290953,,,,X
930213268,,X,,
930201420,,X,,
936032286,,X,,
200003876,,,,X
931265446,,,,X
474625986,,,,X
930787310,,,,X
930472403,,X,,
941581549,,X,,
931280970,,X,,
930911789,,,,X
930977273,,X,,
464599820,,,,X
936033820,,X,,
201331736,,X,,
205597705,,,,X
936025010,,,,X
522316894,,,,X
930673430,,,,X
930726803,,,,X
930728231,,X,,
930517961,,X,,
931255627,,,,X
455386813,,X,,
931329815,,,,X
261530127,,,,X
911829239,,,,X
461136684,,X,,
510227061,,X,,
930652737,,,,X
931318366,,,,X
931009176,,,,X
930553451,,X,,
371755279,,,,X
931289894,,,,X
342036185,,,,X
930664038,,X,,
931234708,,,,X
943162074,,,,X
931261640,,,,X
912103401,,,,X
930858044,,,,X
930558405,,,,X
451312492,,,,X
930965136,,,,X
260042956,,,,X
931050034,,X,,
264323129,,,,X
930900103,,,,X
264144123,,,,X
930745985,,,,X
930878314,,,,X
900601134,,X,,
930233010,,X,,
474996726,,,,X
931183339,,,,X
930851927,,,,X
936032352,,,,X
473795108,,,,X
943041307,,,,X
930955040,,,,X
743062657,,,,X
930833620,,,,X
272666052,,,,X
274846178,,,,X
331201813,,,,X
272632072,,X,,
383921215,,,,X
203892277,,,,X
237358083,,X,,
930747888,,X,,
943050560,,,,X
471195813,,,,X
510434057,,,,X
930503188,,,,X
936033838,,,,X
237371454,,,,X
454046196,,,,X
930385006,,,,X
911350773,,,,X
260302137,,,,X
472786960,,,,X
930498861,,X,,
931278854,,,,X
930846286,,,,X
931274913,,,,X
472747562,,,,X
237318340,,X,,
931110588,,,,X
931306211,,,,X
237200802,,X,,
911804446,,X,,
931063521,,,,X
454844162,,,,X
930884716,,,,X
931317190,,,,X
270231596,,X,,
931241460,,,,X
931098563,,X,,
461482848,,,,X
931317126,,,,X
204342102,,,,X
813934437,,,,X
272151721,,,,X
930989216,,X,,
943212538,,,,X
262713779,,,,X
930520440,,X,,
930852042,,,,X
452052157,,,,X
931309774,,,,X
930433686,,,,X
208751547,,,,X
471085469,,,,X
161755180,,X,,
930205322,,X,,
462040546,,,,X
200522710,,,,X
931196184,,,,X
930839390,,,,X
931242941,,,,X
473786793,,,,X
451739761,,,,X
472635777,,,,X
474968611,,,,X
931142558,,,,X
261332083,,,,X
010755594,,,,X
930978737,,,,X
461979540,,,,X
930575887,,X,,
943081823,,,,X
930758252,,,,X
800516996,,,,X
930291498,,X,,
931223422,,,,X
931151279,,,,X
451613371,,,,X
931102469,,,,X
721551127,,,,X
930756528,,X,,
272243614,,,,X
825520534,,,,X
943030991,,,,X
320300896,,,,X
383655438,,,,X
262213911,,,,X
462360867,,,,X
813487391,,,,X
010777882,,,,X
203814430,,,,X
237351232,,X,,
202557070,,,,X
462588355,,,,X
261529986,,,,X
930507487,,X,,
931235708,,,,X
930889147,,,,X
201691602,,,,X
931216397,,,,X
931197298,,,,X
474702962,,,,X
263150550,,,,X
931185524,,,,X
943114127,,,,X
953486766,,X,,
911744259,,,,X
911084551,,,,X
721583726,,,,X
470991908,,,,X
931272814,,X,,
593813059,,,,X
931225261,,,,X
936022448,,X,,
320361565,,,,X
237047439,,X,,
930926682,,X,,
931321388,,,,X
930593026,,,,X
452252926,,,,X
208452489,,,,X
930504197,,X,,
752976913,,,,X
931112359,,X,,
930853027,,X,,
811469719,,,,X
311552940,,,,X
930562411,,X,,
911271755,,,,X
931056649,,,,X
931067999,,,,X
510188704,,,,X
930619849,,,,X
930877843,,X,,
454754699,,,,X
463534725,,,,X
237451789,,X,,
272433812,,,,X
930122388,,X,,
562546108,,,,X
331001225,,,,X
386089294,,X,,
721613215,,X,,
464365248,,,,X
931296877,,,,X
201691293,,,,X
936044347,,,,X
936033847,,,,X
931309882,,,,X
911107572,,,,X
931329669,,,,X
453599268,,,,X
931140644,,,,X
260015593,,,,X
472354839,,,,X
930478496,,X,,
260310749,,,,X
930523882,,X,,
330568058,,,,X
930666567,,,,X
331074344,,,,X
201384232,,,,X
936096495,,,,X
463450243,,,,X
510197068,,X,,
943179782,,,,X
542131344,,,,X
931320252,,,,X
460889736,,,,X
931277874,,,,X
931229674,,,,X
261931455,,,,X
936038634,,,,X
930912648,,,,X
930814440,,X,,
931305543,,X,,
465607290,,,,X
911751981,,X,,
930806236,,,,X
930939895,,,,X
454331368,,,,X
930906775,,,,X
452090544,,,,X
930592392,,X,,
936041284,,,,X
930608936,,,,X
931018566,,,,X
930740519,,,,X
270153544,,,,X
931209647,,,,X
931274760,,,,X
261364704,,,,X
930824528,,X,,
936043858,,,,X
931250270,,,,X
680624507,,,,X
936028398,,,,X
814098939,,,,X
823282985,,,,X
270568541,,,,X
936029134,,,,X
274540496,,,,X
263662721,,,,X
311552944,,,,X
454153036,,X,,
930811915,,,,X
931005983,,X,,
936031196,,,,X
237020093,,,,X
463292198,,X,,
936033818,,X,,
421649091,,,,X
930662265,,,,X
272202107,,X,,
237026604,,X,,
931006901,,,,X
943085792,,,,X
810904009,,,,X
260629356,,,,X
461177904,,,,X
936042268,,X,,
931078749,,,,X
453301302,,,,X
464703589,,,,X
931244225,,,,X
930790867,,,,X
931132905,,X,,
931185531,,,,X
943242703,,,,X
930716075,,X,,
943136037,,,,X
930945870,,,,X
454198887,,X,,
930893301,,,,X
472189863,,,,X
931149173,,,,X
900408573,,,,X
930921893,,,,X
770592635,,,,X
930576774,,,,X
880393935,,X,,
912032896,,,,X
911796246,,,,X
201037078,,,,X
930299877,,X,,
412094799,,,,X
476650627,,X,,
262264575,,X,,
930139165,,X,,
800697682,,X,,
931267044,,,,X
930558267,,X,,
204555598,,,,X
930801653,,,,X
263700834,,X,,
431964363,,,,X
260901792,,,,X
931183758,,,,X
133060669,,,,X
936039340,,,,X
931033067,,,,X
161633303,,,,X
930744117,,X,,
911151879,,,,X
931248059,,,,X
930241980,,X,,
911805850,,,,X
931317889,,,,X
911764112,,,,X
815215124,,,,X
931226388,,,,X
203888216,,,,X
931027145,,X,,
931248002,,,,X
931194490,,,,X
911424982,,,,X
930155562,,X,,
930879944,,,,X
931174394,,,,X
931039446,,X,,
736504648,,X,,
930507973,,X,,
930883836,,,,X
930810920,,,,X
930503477,,X,,
936025192,,X,,
930412513,,X,,
460858837,,,,X
931017646,,X,,
861166255,,,,X
911203635,,X,,
931124114,,X,,
930854620,,,,X
930366838,,X,,
931091701,,,,X
911757244,,,,X
300449673,,,,X
930349073,,X,,
943163912,,,,X
510186079,,,,X
237151520,,,,X
930570075,,,,X
930575922,,X,,
943104390,,,,X
200646954,,,,X
930194935,,X,,
237170144,,,,X
742637992,,,,X
204468925,,,,X
943030030,,,,X
931270843,,,,X
930916571,,,,X
930691877,,X,,
820539434,,,,X
943046552,,,,X
943140644,,,,X
931136024,,,,X
930444526,,X,,
930736827,,,,X
455548275,,,,X
261328991,,,,X
936127035,,X,,
930861079,,X,,
930908462,,,,X
546503562,,,,X
205994627,,,,X
931300045,,,,X
237305143,,X,,
930704991,,X,,
453139608,,X,,
943260016,,,,X
931277268,,,,X
936031635,,X,,
311587420,,,,X
931328011,,,,X
911768637,,,,X
930480213,,,,X
930919021,,,,X
311715321,,,,X
930327244,,X,,
930136599,,X,,
270122491,,,,X
936027248,,X,,
930981908,,,,X
943191447,,,,X
412078214,,,,X
931306043,,,,X
203006038,,,,X
930256409,,X,,
464592488,,,,X
943468601,,,,X
202789741,,,,X
237052987,,,,X
453456890,,,,X
830436350,,,,X
205919157,,,,X
930778179,,,,X
930890225,,,,X
930237487,,X,,
261641869,,,,X
814624043,,,,X
460855296,,,,X
452155198,,,,X
204402181,,,,X
930933962,,,,X
931140932,,X,,
930840761,,,,X
930477108,,X,,
202344144,,,,X
931265595,,,,X
930111590,,X,,
936041250,,,,X
931171601,,,,X
263758815,,,,X
311662259,,,,X
930852914,,X,,
113765572,,X,,
237174336,,,,X
931327751,,,,X
474431690,,,,X
911923482,,,,X
931231357,,,,X
930998418,,,,X
481268855,,,,X
202883764,,,,X
930267435,,X,,
237328335,,,,X
930992727,,,,X
473967760,,X,,
930896252,,X,,
820927044,,X,,
931044679,,,,X
931102215,,,,X
462163414,,,,X
432057140,,,,X
270072019,,,,X
273210225,,,,X
911804418,,,,X
936027273,,X,,
510175514,,,,X
943097459,,,,X
931191426,,,,X
264646584,,,,X
237141857,,X,,
931292427,,X,,
930477725,,X,,
931015277,,,,X
264487941,,,,X
201615445,,,,X
931252040,,,,X
472196124,,X,,
930122383,,X,,
930735183,,,,X
943067266,,,,X
861086365,,,,X
753181967,,,,X
931215915,,,,X
943180955,,,,X
911803863,,,,X
205998294,,,,X
311697162,,,,X
931150763,,,,X
930962056,,,,X
930515824,,X,,
810815949,,,,X
936032414,,X,,
931299899,,,,X
010862616,,,,X
930147726,,X,,
943164869,,,,X
931147600,,X,,
474728232,,,,X
931329744,,,,X
931012190,,,,X
930834498,,,,X
208712752,,,,X
931199803,,,,X
943077174,,,,X
911784761,,,,X
264329483,,X,,
200047050,,,,X
931129860,,,,X
411262454,,,,X
930792553,,,,X
352241027,,,,X
931269364,,,,X
510175500,,X,,
936023852,,,,X
237089629,,,,X
930685710,,,,X
200070040,,,,X
810877658,,,,X
930383021,,X,,
931106516,,,,X
936027839,,X,,
824203573,,,,X
936031287,,,,X
930397191,,X,,
931220053,,,,X
134331873,,X,,
510137768,,,,X
930122403,,X,,
931069819,,X,,
943169195,,,,X
200845058,,,,X
931131757,,,,X
931262514,,,,X
931175835,,X,,
936207748,,,,X
930577934,,,,X
931037645,,X,,
931292905,,,,X
237151063,,,,X
936032231,,X,,
943220869,,,,X
930676129,,,,X
931285490,,,,X
931257065,,,,X
271899059,,,,X
134283533,,,,X
900455089,,,,X
465498921,,,,X
931098816,,,,X
930508041,,X,,
202142525,,,,X
432086991,,,,X
814046432,,,,X
237098433,,,,X
474053295,,,,X
943134118,,,,X
840976800,,,,X
931148886,,,,X
472529103,,,,X
030425839,,,,X
931271520,,,,X
562344703,,,,X
462572370,,,,X
300457438,,X,,
454839314,,,,X
260428368,,,,X
931091617,,,,X
931059514,,,,X
930426379,,X,,
931294292,,,,X
510137543,,,,X
931053941,,,,X
261739404,,,,X
936032369,,X,,
931240218,,X,,
261177717,,,,X
272595437,,,,X
930823471,,,,X
203636934,,,,X
931147575,,,,X
930916118,,,,X
930799374,,,,X
465092490,,,,X
831112190,,,,X
465634763,,,,X
943110219,,,,X
930762860,,,,X
134299277,,,,X
936090977,,X,,
203306635,,,,X
810646142,,,,X
930748742,,,,X
264298649,,,,X
930511355,,,,X
930320709,,X,,
271729005,,,,X
936024475,,X,,
954070694,,,,X
930353761,,X,,
472178191,,,,X
936024430,,X,,
931097038,,,,X
743058786,,,,X
931192718,,,,X
510152190,,,,X
270010481,,,,X
930687360,,,,X
930986379,,X,,
931277816,,,,X
237170131,,,,X
931161391,,,,X
200721672,,,,X
930954099,,,,X
264297835,,,,X
936034947,,X,,
930794708,,,,X
208408832,,,,X
930738777,,,,X
931255991,,,,X
931090105,,,,X
930273168,,X,,
931243952,,,,X
861002283,,,,X
472594859,,,,X
451482033,,,,X
936032698,,X,,
263156482,,,,X
936031812,,X,,
931134276,,,,X
911350861,,X,,
237014569,,,,X
930704218,,,,X
943107840,,,,X
461844550,,X,,
930850513,,,,X
931121953,,,,X
931205915,,,,X
320053298,,,,X
201887272,,,,X
912198733,,,,X
911766934,,,,X
412201102,,,,X
943195006,,,,X
200104681,,,,X
264422694,,,,X
931191688,,,,X
930990827,,,,X
930885035,,,,X
931269166,,,,X
273533264,,,,X
271969337,,,,X
936034549,,,,X
930662311,,X,,
931166811,,,,X
237005940,,X,,
061706401,,X,,
931094615,,,,X
931122563,,,,X
020667840,,,,X
930692078,,,,X
931136507,,,,X
911786591,,,,X
936024030,,X,,
936030170,,X,,
930224029,,X,,
936031823,,,,X
300191594,,,,X
463534442,,,,X
936025372,,X,,
911829996,,,,X
930359271,,X,,
237122654,,X,,
930348424,,X,,
331054969,,,,X
931302432,,,,X
930771871,,,,X
311702111,,,,X
936027198,,,,X
931264173,,X,,
931077103,,,,X
936033218,,X,,
331131242,,,,X
931298349,,,,X
825281174,,,,X
930931139,,,,X
931218274,,,,X
931280400,,,,X
931071429,,,,X
264169150,,X,,
930391518,,,,X
931258614,,,,X
930273005,,X,,
800398701,,,,X
930681401,,,,X
930932417,,X,,
593810598,,,,X
930575624,,,,X
454089973,,X,,
200861395,,X,,
930684590,,,,X
930811442,,,,X
453508575,,,,X
208308559,,X,,
453737474,,,,X
475664738,,,,X
930796047,,,,X
930567668,,,,X
331040546,,,,X
384089823,,X,,
916478597,,,,X
930786938,,,,X
571197371,,,,X
930806812,,,,X
930782729,,,,X
931097559,,,,X
455045072,,,,X
273281112,,,,X
930887878,,,,X
931043552,,,,X
814341457,,,,X
271632226,,,,X
930362329,,X,,
261257649,,,,X
936042747,,,,X
930987152,,,,X
811424390,,,,X
237181141,,,,X
930513277,,X,,
510142069,,X,,
900674673,,,,X
930770824,,,,X
471525927,,,,X
931099580,,,,X
930910219,,,,X
930897161,,,,X
237145928,,X,,
936027259,,,,X
930247078,,X,,
264524646,,,,X
813331392,,,,X
237259232,,,,X
371495367,,,,X
461470791,,,,X
472095517,,,,X
930958235,,,,X
931276893,,,,X
930337087,,X,,
931313422,,,,X
930821228,,,,X
593541644,,X,,
930122393,,X,,
510211528,,,,X
465178920,,,,X
208786532,,,,X
931056759,,,,X
421560920,,,,X
911774616,,X,,
930122425,,X,,
931165763,,,,X
470877475,,,,X
931208325,,,,X
936022790,,,,X
943107027,,,,X
271493650,,,,X
931157192,,,,X
930395578,,,,X
473786430,,,,X
237120819,,,,X
936015456,,,,X
237302688,,,,X
930829936,,,,X
930584501,,,,X
270226308,,,,X
237327825,,,,X
930995219,,,,X
943098301,,,,X
931216640,,X,,
237052840,,,,X
931204730,,,,X
611524236,,,,X
930122385,,X,,
931092929,,,,X
930702277,,,,X
237098425,,,,X
930856470,,,,X
463715050,,,,X
270187676,,,,X
936031760,,X,,
930884562,,,,X
930122390,,X,,
936026250,,X,,
931174506,,,,X
931285644,,,,X
930771865,,,,X
271653864,,,,X
930446672,,X,,
264235672,,,,X
930686750,,,,X
273582260,,,,X
273086678,,,,X
931031070,,,,X
930752600,,,,X
020712956,,,,X
930800768,,,,X
930704796,,,,X
931106697,,,,X
465673059,,,,X
931077501,,,,X
931115801,,,,X
930751684,,,,X
943140269,,,,X
930871543,,,,X
050601715,,,,X
453261827,,X,,
261892087,,,,X
320420513,,,,X
202196599,,,,X
300517572,,,,X
204763521,,,,X
930834496,,,,X
936032331,,,,X
931149352,,,,X
931088268,,,,X
562503291,,,,X
931319640,,,,X
263438492,,,,X
320080103,,,,X
471286122,,,,X
205786825,,,,X
931165080,,,,X
204549899,,,,X
931141304,,,,X
931131634,,,,X
943115733,,,,X
930792878,,X,,
930699033,,,,X
611656232,,,,X
814027478,,,,X
272948427,,,,X
931270010,,,,X
205716913,,,,X
931070640,,,,X
931170115,,,,X
931030288,,,,X
811698585,,,,X
930589575,,X,,
831777742,,,,X
463581383,,X,,
800711747,,,,X
204934658,,,,X
472174084,,,,X
822111662,,,,X
832031801,,,,X
208299156,,,,X
475254029,,X,,
203871673,,,,X
455561492,,X,,
930883707,,,,X
900419150,,,,X
831698201,,,,X
453083519,,,,X
931262611,,X,,
451677876,,,,X
900037690,,X,,
463491147,,X,,
262841032,,,,X
831883790,,,,X
753126440,,,,X
237448039,,,,X
930957805,,X,,
461684147,,,,X
364647096,,X,,
931258164,,,,X
421621398,,,,X
237119017,,,,X
931108045,,,,X
237590384,,X,,
930668948,,,,X
812338492,,,,X
810814063,,,,X
