ein,state
455093195,OR
930223960,OR
930933975,OR
930386823,OR
930602940,OR
930579722,OR
930508781,OR
930391573,OR
930951989,OR
930438772,OR
930878074,OR
930386793,OR
931124326,OR
930257765,OR
237315673,OR
930429015,OR
936021475,OR
911148123,OR
237426300,OR
237017278,OR
930386908,OR
936023048,OR
930401259,OR
930618975,OR
936015767,OR
930386858,OR
463264330,OR
931192140,OR
930806316,OR
930386868,OR
930430029,OR
930386840,OR
930110095,OR
930386892,OR
936026156,OR
931313663,OR
930386839,OR
237083114,OR
364742731,OR
936022772,OR
930386972,OR
930591528,OR
930686108,OR
930583856,OR
943237150,OR
930391586,OR
936021111,OR
930396847,OR
930453216,OR
930386936,OR
930281321,OR
930300375,OR
911791788,OR
930505325,OR
930425580,OR
931329784,OR
936090239,OR
930728816,OR
931143759,OR
030373895,OR
930492535,OR
930391591,OR
930622075,OR
930391614,OR
936041903,OR
930163693,OR
930757655,OR
271789847,OR
936021113,OR
930251640,OR
930785786,OR
930770054,OR
936021893,OR
931305493,OR
383849354,OR
930389726,OR
930444581,OR
930717997,OR
931179254,CA
936024141,OR
930591240,OR
930243503,OR
930958642,OR
931300043,OR
930878944,OR
936024307,OR
930468214,OR
200195556,OR
930814638,OR
930415219,OR
300179374,OR
943092928,OR
931046399,OR
911829317,OR
936029224,OR
930502822,OR
930232310,OR
731668317,OR
930465543,OR
941312349,OR
930468003,OR
930619733,OR
930454786,OR
930804385,OR
930386966,OR
810609831,OR
930407022,OR
930988354,OR
237108002,OR
930386780,OR
930473211,OR
711016384,OR
930386804,OR
931228867,OR
930146827,OR
916034674,AK
930323147,OR
931329158,OR
342030255,WA
931326405,OR
936031270,OR
910973983,OR
202587840,OR
930977878,OR
271790052,OR
461574842,OR
930572370,OR
930421470,OR
936087366,OR
510480478,OR
943096772,OR
930463816,OR
273146613,OR
431960221,OR
930980637,OR
930402877,OR
510204735,OR
930243443,OR
931268744,OR
263946191,OR
930513697,OR
936049213,OR
911829325,OR
930386981,OR
930309970,OR
931067253,OR
930386880,OR
911833480,OR
237113266,OR
930611783,OR
946667029,OR
237332778,OR
237257390,OR
930477890,OR
526038494,OR
930354176,OR
930723862,OR
930433696,OR
930554941,OR
930857426,OR
936031208,OR
930579589,OR
237056987,OR
930634049,OR
930806295,OR
930391604,OR
931215381,OR
930746782,OR
930756143,OR
930605570,OR
930509414,OR
826030679,OR
930752805,OR
930582124,OR
931139187,OR
470927354,OR
237098400,OR
931019725,OR
930753926,OR
930177555,OR
930446527,OR
930792758,OR
270745672,OR
930415213,OR
931014288,OR
931229227,OR
800875249,OR
930461940,OR
930910794,OR
943192331,OR
930498054,OR
930628804,OR
930977166,OR
911943624,OR
930716860,OR
930553346,OR
930464898,OR
930398802,OR
930801200,OR
930512235,OR
930395591,OR
930591582,OR
930558819,OR
237366812,OR
261168995,OR
930386890,OR
930848530,OR
930630376,OR
930813981,OR
930587136,OR
930134820,OR
930608012,OR
930196209,OR
237017276,OR
930564896,OR
930685734,OR
921069936,OR
931086629,OR
930564141,OR
930644303,OR
273524752,OR
521957214,OR
936028906,OR
930888347,OR
930713827,OR
930571472,OR
931244750,OR
930557803,OR
930621534,OR
930386852,OR
930884929,OR
930800140,OR
930386792,OR
911662698,OR
930665396,OR
911854545,OR
930712867,OR
352198318,OR
930399051,OR
930569684,OR
931070304,OR
930266190,OR
930582004,OR
930573822,OR
931186020,OR
931248795,OR
461237162,OR
930903773,OR
566502391,OR
930471873,OR
930910213,OR
272624875,OR
930606316,OR
930269331,OR
930686923,OR
931255764,OR
753098324,OR
930454456,OR
930478660,OR
930241933,OR
943034161,OR
930728229,OR
930386791,OR
273445544,OR
936025789,OR
930557964,OR
930395815,OR
931180397,OR
930893420,OR
342057513,OR
931090005,OR
930738493,OR
931234625,OR
263035522,OR
931254171,OR
930937286,OR
930567549,OR
510163758,OR
452590784,OR
930391547,OR
930495655,OR
273990987,OR
264077120,OR
930706892,OR
930782374,OR
237423789,OR
931269087,OR
930470717,OR
916070467,OR
930984702,OR
930400250,OR
930514209,OR
931230223,OR
936021772,OR
936227660,OR
930306737,OR
930630002,OR
481291935,OR
272028308,OR
936041618,OR
931037330,OR
930867677,OR
930738797,OR
930354500,OR
237030910,OR
930806912,OR
930547036,OR
930391599,OR
475373459,OR
931141536,OR
930554156,OR
930613108,OR
237170147,OR
043703021,OR
930623709,OR
931078543,OR
930818160,OR
931200088,OR
930895184,OR
931300690,OR
930584318,OR
320016048,OR
930632048,OR
931134865,OR
226930631,OR
930243430,OR
936023043,OR
931133639,OR
930843521,OR
815366149,OR
936023047,OR
931146666,OR
930576732,OR
930828781,OR
930578172,OR
930763726,OR
930554950,OR
943076771,OR
930718154,OR
930307250,OR
936023044,OR
237153987,OR
930131365,OR
931099406,OR
930900577,OR
943074344,OR
237256802,OR
930410224,OR
930243687,OR
930814473,OR
930946020,OR
930569254,OR
731675402,OR
930333988,OR
237088811,OR
936038158,OR
931268942,OR
931009305,OR
930825821,OR
931095351,OR
930683413,OR
930903383,OR
930388917,OR
930568833,OR
930505956,OR
930394142,OR
936026548,OR
931057208,OR
930645605,OR
364708840,OR
930146820,OR
911806451,OR
931245000,OR
237115003,OR
943237145,OR
980162025,OR
930624672,OR
822399486,OR
270294759,OR
931050144,OR
930323668,OR
930112708,OR
930561977,OR
562546659,OR
930784775,OR
931159198,OR
930640525,OR
930625631,OR
237115837,OR
930163340,OR
931278639,OR
271643351,OR
943126167,OR
943060985,OR
931247987,OR
930718337,OR
930861885,OR
262499995,OR
930891433,OR
943029559,OR
931190983,OR
930386976,OR
436043847,OR
930278486,OR
263084386,OR
930575647,OR
931233373,OR
463274093,OR
943113836,OR
930368760,OR
930504473,OR
930386885,OR
203685723,OR
930513669,OR
930429354,OR
208928388,OR
930397825,OR
936050200,OR
930959411,OR
930845182,OR
202985223,OR
930725294,OR
930916864,OR
930581470,OR
930853709,OR
237169042,OR
930495706,OR
475023017,OR
930661527,OR
931098105,OR
930189335,OR
930519925,OR
931329922,OR
930817076,OR
931149789,OR
930687438,OR
936026088,OR
936097406,OR
810618279,OR
472845537,OR
200270777,OR
472606838,OR
936034321,OR
930811291,OR
930386875,OR
930686681,OR
930691238,OR
930758732,OR
931312090,OR
930563797,OR
931248274,OR
930855920,OR
936033807,OR
760751239,OR
930401248,OR
943092446,OR
411990118,OR
461562797,OR
930725603,OR
930951908,OR
931164505,OR
930115390,OR
930605594,OR
721574570,OR
930556589,OR
455252325,OR
237056213,OR
930966461,OR
930793127,OR
930275980,OR
237203564,OR
237017274,OR
931038306,OR
931127001,OR
260172758,OR
930509906,OR
930423965,OR
931323419,OR
931312955,OR
930425880,OR
261234177,OR
462454893,OR
931233656,OR
943112077,OR
930386901,OR
930232289,OR
931250581,OR
931296452,OR
201082052,OR
930584827,OR
931097066,OR
930712890,OR
930751741,OR
930589987,OR
930394143,OR
930474800,OR
930843383,OR
931249298,OR
460534726,OR
931266648,OR
930496390,OR
205425714,OR
943038729,OR
510175253,OR
930784800,OR
522146673,OR
930741267,OR
930681409,OR
930141440,OR
510179336,OR
931240928,OR
931315027,OR
820569407,OR
930923476,OR
930670856,OR
931084330,OR
931271976,OR
474432319,OR
237438072,OR
474408911,OR
930196216,OR
936002704,OR
931301792,OR
930928640,OR
930748388,OR
930388092,OR
931163452,OR
930242330,OR
930736825,OR
930784998,OR
237230042,OR
943166095,OR
237002687,OR
930409105,OR
593796997,OR
465562403,OR
930500679,OR
930196227,OR
931119163,OR
237254097,OR
931184647,OR
930817737,OR
931208588,OR
930892794,OR
931110874,OR
931004012,OR
926027179,OR
931135796,OR
930633354,OR
061535427,OR
931060938,OR
930979064,OR
930752969,OR
931228509,OR
930836166,OR
916056203,OR
930386982,OR
936018523,OR
821057365,OR
931057296,OR
931171184,OR
930444844,OR
930515597,OR
930865678,OR
931278089,OR
930768142,OR
930963546,OR
931068802,OR
931305252,OR
912077840,OR
936034757,OR
930804475,OR
204626312,OR
931293344,OR
931148608,OR
931051724,OR
930721567,OR
930339108,OR
273094382,OR
237121915,OR
471709705,OR
910982918,OR
930716519,OR
943084015,OR
931260080,OR
451458218,OR
931288657,OR
930803139,OR
820564961,OR
931178397,OR
205513684,OR
237061622,OR
931241474,OR
030473181,OR
930548870,OR
930818219,OR
383816505,OR
930757378,OR
930959068,OR
930386825,OR
930386883,OR
930851281,OR
201056268,OR
930886373,OR
311575264,OR
454484855,OR
812337926,OR
931230039,OR
930114390,OR
930684495,OR
931069203,OR
272865454,OR
936027729,OR
272459165,OR
911828325,OR
930143500,OR
930386850,OR
931042868,OR
264029321,OR
263967833,OR
931074861,OR
936031009,OR
931192100,OR
460772775,OR
930577975,OR
931208532,OR
931246270,OR
930850926,OR
930504507,OR
260423551,OR
460846415,OR
930616957,OR
930790539,OR
201241534,OR
562563880,OR
930722603,OR
930571124,OR
931241440,OR
930196211,OR
472427287,OR
930771304,OR
931159884,OR
930671722,OR
931150042,OR
931062448,OR
930895133,OR
930639815,OR
916532370,OR
930391643,OR
936001599,OR
473187533,OR
930256538,OR
930797531,OR
412086942,OR
931236936,OR
930841022,OR
931235731,OR
943143232,OR
930900119,OR
930462679,OR
205090246,OR
930333036,OR
943111736,OR
931137236,OR
930467412,OR
262768979,OR
930775757,OR
930784586,OR
931329382,OR
272831197,OR
930817536,OR
271138640,OR
931127133,OR
930196197,OR
931111589,OR
421566765,OR
931191794,OR
930196219,OR
930386984,OR
930599922,OR
930860753,OR
204223437,OR
930840810,OR
930111775,OR
911320416,OR
930831082,OR
930567341,OR
943455260,OR
930977842,OR
936041247,OR
931306699,OR
930559964,OR
204641665,OR
930116633,OR
946722256,MT
271240045,OR
931029151,OR
930833241,OR
204379510,OR
475408548,OR
710874661,OR
930639118,OR
930800692,OR
202028975,OR
930975605,OR
205866897,OR
930751310,OR
930501838,OR
930951531,OR
930522130,OR
931069099,OR
931162366,OR
237252406,OR
912072298,OR
930115830,OR
800252850,OR
611686699,OR
930476873,OR
205491659,OR
930924815,OR
320082786,OR
931055994,OR
943076293,OR
931094933,OR
931315508,OR
930936063,OR
943113708,OR
930887838,OR
931154088,OR
930943494,OR
043594598,OR
930771833,OR
931297104,OR
453463744,OR
202587074,OR
201260228,OR
930831467,OR
943144895,OR
364642494,OR
930578714,OR
930986632,OR
931208721,OR
931071103,OR
471349104,OR
471892164,OR
930594367,OR
262029619,OR
930685729,OR
463852365,OR
911842787,OR
461492331,OR
264061084,OR
930739188,OR
931221623,OR
462909692,OR
464901375,OR
930151383,OR
202381913,OR
930782467,OR
943453606,OR
952247299,OR
930584248,OR
810905254,OR
931283716,OR
680401509,OR
820561169,OR
721604232,OR
931303879,OR
811377870,OR
931280907,OR
930395593,OR
930517401,OR
930900864,OR
911755886,OR
930790440,OR
930391645,OR
931159383,OR
936041506,OR
931014222,OR
812116665,OR
930243383,OR
936030669,OR
264529118,OR
930470826,OR
930711337,OR
943089073,OR
930987176,OR
931010260,OR
930765746,OR
465267468,OR
510173092,OR
936234071,OR
931310582,OR
930479079,OR
930772836,OR
930995453,OR
931314469,OR
936053828,OR
453543588,OR
936022916,OR
930256275,OR
460491274,OR
943101853,OR
930576289,OR
264822611,OR
930336168,OR
930594506,OR
811902616,OR
510141214,OR
930563617,OR
461771584,OR
943098610,OR
930818449,OR
814219378,OR
931330100,OR
930637017,OR
931296840,OR
911840582,OR
930147675,OR
931114601,OR
931117289,OR
930751998,OR
930999999,OR
930399048,OR
930549823,OR
911827440,OR
464704743,OR
930556298,OR
331027254,OR
270728766,OR
930238010,OR
931292445,OR
811344772,OR
911821187,OR
930873280,OR
753027143,OR
930681311,OR
930877986,OR
931116265,OR
930395586,OR
931299878,OR
943112571,OR
930865399,OR
930620260,OR
930846112,OR
202630181,OR
931255401,OR
237052989,OR
452995516,OR
261469914,OR
272245059,OR
930900110,OR
476261291,OR
205439223,OR
931321004,OR
943116602,OR
930374385,OR
930514708,OR
930801581,OR
930638079,OR
930524232,OR
931079241,OR
510188664,OR
930901132,OR
931109798,OR
030590874,OR
203206107,OR
936272124,OR
931200323,OR
931203198,OR
200773189,OR
931330414,OR
930208571,OR
930508938,OR
540505932,OR
931111344,OR
943123483,OR
931049860,OR
936049581,OR
930503723,OR
930635871,OR
931310936,OR
931158243,OR
811678140,OR
911748485,OR
911015971,OR
680642817,OR
930513239,OR
930846600,OR
930480174,OR
870691702,OR
930611912,OR
813197491,OR
330317937,OR
930391640,OR
931276816,OR
930331712,OR
931019081,OR
208187573,OR
936027213,OR
930710963,OR
930766087,OR
936095667,OR
931010269,OR
237048829,OR
530803417,OR
451300894,OR
930692905,OR
320305052,OR
930722979,OR
931102228,OR
931326797,OR
810622430,OR
931090285,OR
931191941,OR
204681686,OR
237147034,OR
930669529,OR
930775354,OR
530259080,MD
205797920,OR
930429383,OR
930724422,OR
930850607,OR
931059602,OR
931259522,OR
451457029,OR
930386836,OR
460987167,OR
936031951,OR
930820623,OR
931031380,OR
931318954,OR
911355711,OR
930591772,OR
931164757,OR
941712448,OR
930471981,OR
383692646,OR
813225629,OR
930780364,OR
930951954,OR
931027843,OR
931163555,OR
465759569,OR
931152222,OR
931306735,OR
371780990,OR
930344910,OR
930811823,OR
930228976,OR
930604321,OR
930224840,OR
473873798,OR
205865035,OR
384049236,OR
930676661,OR
931012686,OR
232743830,OR
926004561,OR
930882138,OR
133407905,OR
931320949,OR
473200676,OR
930298400,OR
272767920,OR
930457167,OR
931012211,OR
260389639,OR
931299601,OR
113764984,OR
680516066,OR
521938720,OR
936088946,OR
936312666,OR
510172420,OR
931301833,OR
930391555,OR
930783096,OR
930642086,OR
930384007,OR
330919329,OR
931289263,OR
261652936,OR
880377911,OR
930521848,OR
930847905,OR
931244973,OR
820454166,OR
930700108,OR
930386978,OR
930848122,OR
931100080,OR
930477279,OR
263161884,OR
522288711,OR
930306515,OR
421560891,OR
911794627,OR
930241680,OR
562459737,OR
936032883,OR
202736000,OR
930954555,OR
930505516,OR
930358258,OR
274764989,OR
930257930,OR
931180331,OR
930838318,OR
943395473,OR
930391641,OR
931311037,OR
208678122,OR
462750726,IN
931015598,OR
460878707,OR
020761530,OR
930115033,OR
465555439,OR
931296441,OR
203912349,OR
930633804,OR
931222072,OR
930144236,OR
931146901,OR
521043668,OR
453726266,OR
936021333,OR
931117662,OR
931250115,OR
930957815,OR
946077619,OR
931306626,OR
931309129,OR
270734969,OR
930517948,OR
930797194,OR
911819749,OR
930338826,OR
936027731,OR
141872327,OR
930588108,OR
931131186,OR
930854417,OR
930847710,OR
208877231,OR
931294144,OR
936012576,OR
930179776,OR
931307461,OR
943215621,OR
931003193,OR
271434361,OR
030461030,OR
931252146,OR
930332519,OR
202738271,OR
912141962,OR
263630613,OR
870745111,OR
611776451,OR
911776964,OR
931329419,OR
930556378,OR
811338641,OR
930386820,OR
930691187,OR
931031300,OR
930685385,OR
931264297,OR
262020559,OR
813813601,OR
931290320,OR
930491360,OR
930935721,OR
930196305,OR
300180905,OR
930328609,OR
911787129,OR
930465079,OR
930591386,OR
203435655,OR
203837778,OR
931326007,OR
204482612,OR
931039346,OR
931121512,OR
930359759,OR
930793059,OR
930197580,OR
208688122,OR
931234456,OR
930386851,OR
930817907,OR
931029808,OR
930576782,OR
593815980,OR
911583492,OR
931205916,OR
930751507,OR
930854433,OR
460923905,OR
930971629,OR
931221596,OR
931258715,OR
931265440,OR
931264938,OR
931176721,OR
930773410,OR
930823952,OR
930763150,OR
237006873,OR
930793314,OR
930555518,OR
936031792,OR
943063700,OR
930605471,OR
931092457,OR
930602094,OR
931327944,OR
841726124,OR
930821211,OR
911829147,OR
931331681,OR
203741107,OR
936237912,OR
320288058,OR
930372286,OR
931267455,OR
930802257,OR
930808743,OR
810670151,OR
262018413,OR
421606106,OR
800440898,OR
930777701,OR
237136446,OR
203372393,OR
930930076,OR
943101015,OR
930594077,OR
271916927,OR
931025835,OR
237275617,OR
473777643,OR
930776334,OR
930466026,OR
593824209,OR
113663044,OR
352421535,OR
943240970,OR
452303537,OR
930855897,OR
931025497,OR
202884155,OR
263458029,OR
611541009,OR
931308095,OR
260015458,OR
930796784,OR
931150643,OR
930996918,OR
753207723,OR
930805586,OR
936031995,OR
020704277,OR
202012406,OR
931158929,OR
930472773,OR
931101422,OR
930919656,OR
930606729,OR
743192567,OR
930386838,OR
930896522,OR
930422242,OR
943157812,OR
930747109,OR
431985190,OR
930702098,OR
930236781,OR
320237828,OR
460716639,OR
020706812,OR
472609004,OR
930881042,OR
931020969,OR
930633945,OR
431956560,OR
930829653,OR
271158468,OR
264836268,OR
931154155,OR
931267972,OR
300495445,OR
931060919,OR
930854605,OR
930969053,OR
931001159,OR
931123593,OR
930519716,OR
930196935,OR
911824494,OR
300507198,OR
471948283,OR
611590160,OR
020584357,OR
261915236,OR
931152908,OR
450501163,OR
931212530,OR
943079497,OR
453632278,OR
930322985,OR
205787774,OR
936017100,OR
930514720,OR
930112705,OR
930741999,OR
930675043,OR
931222522,OR
931261999,OR
930843878,OR
237137120,OR
930576632,OR
930665804,OR
930576873,OR
208049182,OR
943360737,OR
931246381,OR
208049325,OR
510447137,OR
710916277,OR
931156903,OR
931135130,OR
930163290,OR
931103293,OR
931202044,OR
260712302,OR
931236637,OR
931258032,OR
931208756,OR
270646992,OR
930864239,OR
010765884,OR
510510512,OR
916072944,OR
931305219,OR
930881865,OR
930851068,OR
454008879,OR
931032897,OR
931269503,OR
931265144,OR
931277774,OR
930816161,OR
931327847,OR
262304524,OR
201799618,OR
943187979,OR
930934830,OR
930574857,OR
931155569,OR
931053932,OR
453724787,OR
936041059,OR
943027910,OR
930138235,OR
931186407,OR
911788238,OR
261478178,OR
412163267,OR
930919339,OR
460511855,OR
930188235,OR
936071709,OR
204643206,OR
931287234,OR
930669357,OR
931330504,OR
930805594,OR
911788798,OR
950934065,OR
930893185,OR
930428566,OR
931258857,OR
930696250,OR
463995696,OR
931146207,OR
462345457,OR
800407220,OR
943028590,OR
800518146,OR
931045925,OR
931123478,OR
930169132,OR
931193250,OR
931206828,OR
931270807,OR
931246605,OR
930792125,OR
931283107,OR
237334851,OR
431964291,OR
930957932,OR
462580975,OR
371846934,OR
911815618,OR
930568356,OR
205602442,OR
770196208,OR
931217269,OR
141846714,OR
930749483,OR
237088799,OR
810650183,OR
201627314,OR
930386902,OR
931255989,OR
472022300,OR
205085400,OR
510603464,OR
930698327,OR
930718181,OR
542073930,OR
930331932,OR
237087718,OR
930752879,OR
936025466,OR
931123212,OR
930506233,OR
930748169,OR
202427855,OR
383709149,OR
930885766,OR
930390848,OR
931009329,OR
137044726,OR
581845413,OR
931298800,OR
930803423,OR
237283223,OR
930579649,OR
931078791,OR
931105853,OR
721574586,OR
930170027,OR
930838454,OR
911817635,OR
205686374,OR
261524406,OR
274821123,OR
510157168,OR
930952207,OR
930109215,OR
931127536,OR
270723181,OR
931260713,OR
930763605,OR
930115760,OR
830433165,OR
931188791,OR
930803583,OR
930950453,OR
943105555,OR
931168181,OR
930183015,OR
931029893,OR
911826399,OR
680414810,OR
943098470,OR
263181272,OR
931283456,OR
451638578,OR
522368753,OR
930627041,OR
943125475,OR
470909658,OR
930262360,OR
376573149,OR
453812405,OR
930723482,OR
936030371,OR
911838169,OR
930696480,OR
202305808,OR
431851426,OR
931032986,OR
931329820,OR
237026590,OR
931248359,OR
931266613,OR
930115140,OR
454726335,OR
271714059,OR
930772616,OR
205922785,OR
930565516,OR
930350614,OR
954479497,OR
931232272,OR
421762561,OR
463206790,OR
930387759,OR
930731192,OR
930168774,OR
930408077,OR
201688621,OR
262795064,OR
431992271,OR
201962411,OR
463780208,OR
473881585,OR
271344277,OR
930421613,OR
931124364,OR
930905013,OR
270781122,OR
823161120,OR
461616702,OR
930291438,OR
710879090,OR
467059268,OR
930195535,OR
930766082,OR
931258154,OR
472352652,OR
271620953,OR
930707569,OR
331098775,OR
931170546,OR
930128630,OR
930834195,OR
472290922,OR
237444610,OR
930934866,OR
936041252,OR
274675345,OR
931309725,OR
931057956,OR
931318052,OR
931065133,OR
680517512,OR
371749992,OR
931230409,OR
237232987,OR
460911202,OR
930951533,OR
931177957,OR
930937296,OR
930606579,OR
822972478,OR
931156358,OR
936213036,OR
743098100,OR
931121108,OR
911755585,OR
930797197,OR
930639711,OR
237220421,OR
930582360,OR
465160062,AZ
911786717,OR
930573929,OR
930324966,OR
451778609,OR
931268509,OR
930983539,OR
930784536,OR
931006823,OR
931179323,OR
452747042,OR
931058134,OR
931306035,OR
930848235,OR
936097106,OR
412065177,OR
870690147,OR
263209131,OR
271098567,OR
931265230,OR
930854671,OR
930716906,OR
841239976,OR
943168157,OR
930578180,OR
930743226,OR
454659204,OR
930117719,OR
237194115,OR
930565013,OR
930574297,OR
455271483,OR
936030372,OR
363741553,OR
930243395,OR
931143002,OR
811441427,OR
931253884,OR
930921617,OR
043793590,OR
931155559,OR
471863402,OR
930519645,OR
362953530,OR
270056693,OR
237067121,OR
270708680,OR
460844608,OR
931093479,OR
931305216,OR
930562020,OR
274884880,OR
931318062,OR
936094804,OR
237060946,OR
810641200,OR
931069211,OR
464053284,OR
930196206,OR
830501956,OR
930376914,OR
562650476,OR
930122401,OR
931032896,OR
263741925,OR
930702412,OR
931290284,OR
930386871,OR
930818729,OR
930884453,OR
911776086,OR
931187474,OR
931040482,OR
931285710,OR
943098623,OR
262061664,OR
204058293,OR
911757262,OR
205591972,OR
300030212,OR
263869062,OR
471364469,OR
272992818,OR
930577208,OR
263710345,OR
364494477,OR
931200312,OR
113823736,OR
931079518,OR
320114739,OR
943143225,OR
943051415,OR
930682416,OR
931246139,OR
050562732,OR
930784084,OR
931507832,OR
911779425,OR
900109649,OR
936027711,OR
930691750,OR
931085791,OR
431980251,OR
311571929,OR
264134045,OR
464276182,OR
930384094,OR
931319372,OR
202573582,OR
943141603,OR
474077068,OR
237100856,OR
930122373,OR
810607118,OR
273330368,OR
800553186,OR
237259489,OR
931141508,OR
201234712,OR
470914054,OR
475657983,OR
300143892,OR
931038827,OR
521889861,OR
806116047,OR
931271399,OR
931177971,OR
930942644,OR
202430301,OR
391656980,OR
930795138,OR
472518719,OR
930901924,OR
821749087,OR
930810393,OR
260703347,OR
931156152,OR
930638731,OR
371582139,OR
465544340,OR
930803636,OR
943074341,OR
311682324,OR
931040496,OR
931088674,OR
237315437,OR
931162941,OR
930778635,OR
930931059,OR
203549992,OR
931304717,OR
273122906,OR
930547553,OR
930927305,OR
352304457,OR
931320715,OR
237058775,OR
936031470,OR
930256561,OR
931196151,OR
274016418,OR
454021068,OR
931310666,OR
237291187,OR
931120631,OR
931172258,OR
930599526,OR
936088847,OR
930626175,OR
911802037,OR
931062727,OR
930734928,OR
237088797,OR
930793142,OR
936010464,OR
931185120,OR
930989730,OR
760782755,OR
931011913,OR
931326167,OR
931301433,OR
203596824,OR
510136116,OR
930736369,OR
943112973,OR
930638178,OR
931246876,OR
931009470,OR
272773359,OR
930268299,OR
931088962,OR
352269965,OR
931128220,OR
930250590,OR
931297400,OR
261600475,OR
930813271,OR
911672700,OR
930913392,OR
205460326,OR
260133872,OR
943211472,OR
471791195,OR
930948548,OR
930593668,OR
930509173,OR
204151057,OR
237438503,OR
943218650,OR
931208608,OR
680556077,OR
861077975,OR
208002857,OR
271756201,OR
930818476,OR
930819844,OR
930767381,OR
952559728,OR
264228349,OR
680506282,OR
237227761,OR
931277040,OR
261103671,CA
263036492,OR
237382469,OR
930867552,OR
453744697,OR
203569580,OR
930593238,OR
930572034,OR
721618287,OR
271628944,OR
205560832,OR
201760894,OR
910267335,OR
371440246,OR
930621433,OR
463830031,OR
208035378,OR
208430297,OR
272151955,OR
930776616,OR
936134967,OR
581817816,GA
931065518,OR
930792490,OR
900586696,OR
931186075,OR
274682873,OR
930112213,OR
205111506,OR
510157135,OR
931285370,OR
931180321,OR
930800739,OR
611557140,OR
931249369,OR
931269989,OR
461778586,OR
931258474,OR
237088818,OR
930763734,OR
237450926,OR
930853414,OR
204343950,OR
462649265,OR
930667383,OR
931090612,OR
931281870,OR
931270846,OR
930882559,OR
931306217,OR
204145965,OR
800436735,OR
930635362,OR
931078155,OR
810421477,OR
931286389,OR
760774777,OR
930151638,OR
472342652,OR
431968342,OR
943140067,OR
930818429,OR
200969679,OR
931279550,OR
953497056,OR
930798451,OR
930848793,OR
931011227,OR
205276353,OR
202782595,OR
455524830,OR
452859659,OR
223878683,OR
743067545,OR
204270408,OR
930881300,OR
930952197,OR
455588592,OR
930981933,OR
931310735,OR
461240416,OR
204021573,OR
236397427,OR
931216593,OR
271241201,OR
936024785,OR
930875209,OR
931281568,OR
930895209,OR
202951862,OR
930478727,OR
364533809,OR
936027360,OR
510154995,OR
931263288,OR
942985490,CA
272131195,OR
930934831,OR
930472798,OR
930762986,OR
930831324,OR
462041048,OR
800360134,OR
203673850,OR
931083061,OR
930722365,OR
930452721,OR
931181863,OR
930561262,OR
930364662,OR
770625836,OR
930497235,OR
931215089,OR
930681430,OR
931275137,OR
930159225,OR
931213728,OR
930800814,OR
931281392,OR
931238799,OR
770386558,OR
462004348,OR
462945449,OR
930986542,OR
936034527,OR
930884244,OR
931213641,OR
930302009,OR
930721765,OR
201821723,OR
272562371,OR
201024637,OR
930796366,OR
474223651,OR
930464194,OR
930722366,OR
931129647,OR
930847940,OR
930730486,OR
911492542,OR
237079356,OR
930513552,OR
521734984,OR
943061005,OR
811471087,OR
203131435,OR
311532248,OR
262045721,OR
936066392,OR
203180915,OR
203534560,OR
931000082,OR
455233697,OR
931081742,OR
931296341,OR
930813269,OR
931072470,OR
272714653,OR
930586866,OR
936024925,OR
930213280,OR
936032140,OR
721579317,OR
936031814,OR
936031284,OR
020658798,OR
943076587,OR
421598432,OR
931262846,OR
931281951,OR
931138328,OR
931261580,OR
931124501,OR
930955296,OR
931256066,OR
930775640,OR
264801471,OR
930562275,OR
141782873,OR
237345974,OR
262429241,CA
264038270,OR
931144709,OR
936038553,OR
930936464,OR
274743976,OR
930557517,OR
936032241,OR
936031803,OR
930911198,OR
943102607,OR
205164853,OR
943040817,OR
680443662,OR
522372404,OR
931054093,OR
721613750,OR
931175944,OR
463114493,OR
931045353,OR
931148994,OR
930992858,OR
936022739,OR
411784046,OR
262998882,OR
300002011,OR
931171301,OR
061669651,OR
931330126,OR
930616451,OR
264078244,OR
930439765,OR
930724691,OR
931249299,OR
936031740,OR
930406532,OR
454131862,OR
061669649,OR
931311608,OR
943101513,OR
936033853,OR
943131764,OR
930779926,OR
931264009,OR
820727416,OR
931073658,OR
931308023,OR
930679959,OR
262518913,OR
936021895,OR
930907543,OR
237110850,OR
930794078,OR
237115008,OR
930697099,OR
931187879,OR
204055635,OR
930991167,OR
931271238,OR
200758858,OR
237088803,OR
201816376,OR
931239982,OR
930617863,OR
454176224,OR
930699888,OR
930872565,OR
930228793,OR
742374656,OR
464296454,OR
263664835,OR
743261833,OR
930727839,OR
943257970,OR
930341188,OR
931127754,OR
930393118,OR
930961591,OR
316622344,OR
272209703,OR
811337449,OR
470898679,OR
460494578,OR
930188103,OR
271907027,OR
931151372,OR
260416765,OR
800455845,OR
931040479,OR
814624131,OR
930919495,OR
743052925,OR
936030143,OR
205351113,OR
931064520,OR
931220479,OR
203399144,OR
200092657,OR
680428445,OR
930551733,OR
273650979,OR
930832299,OR
911846393,OR
201310964,OR
814978022,OR
270938109,OR
930802694,IL
930702088,OR
930979294,OR
237240503,OR
471465358,OR
931320571,OR
930460749,OR
911737883,OR
931306727,OR
931071758,OR
474687471,OR
911846241,OR
931150366,OR
931155647,OR
931258906,OR
930873279,OR
471919872,OR
371870249,CA
936026550,OR
473975911,OR
930880205,OR
273339796,OR
930871161,OR
930766824,OR
930822389,OR
931168567,OR
931091269,OR
930823216,OR
364588657,OR
931243038,OR
263675794,OR
930122405,OR
930736403,OR
731634365,OR
473727282,OR
931294230,OR
680432314,OR
931122800,OR
931040395,OR
931234367,OR
930388543,OR
205773688,OR
208430070,OR
931226663,OR
262460520,OR
930286205,OR
930268510,OR
930687293,OR
930687567,OR
451510255,OR
200038065,OR
931112566,OR
263757028,OR
452937097,OR
814453786,OR
542172556,OR
931058377,OR
943036846,OR
930655489,OR
931017956,OR
930501864,OR
930328464,OR
931272479,OR
812114065,OR
930753495,OR
930794951,OR
936013898,OR
936094816,OR
931111942,OR
931283147,OR
461225723,OR
721536873,OR
930280615,OR
931084099,OR
936042000,OR
510551932,OR
930257382,OR
363032383,OR
931268887,OR
936030803,OR
936042091,OR
930878422,OR
311012952,OR
930474342,OR
931241377,OR
930814445,OR
930456444,OR
263929297,OR
462972090,OR
237024982,OR
930329561,OR
930255950,OR
611666668,OR
930825064,OR
237404525,OR
320202371,OR
936044352,OR
930813258,OR
930892261,OR
930615775,OR
237211735,OR
931029326,OR
043603409,OR
930867777,OR
930094834,OR
237177330,OR
930765046,OR
930575137,OR
264572130,OR
814643539,OR
930672605,OR
931037936,OR
260813058,OR
237199077,OR
770177829,OR
237001367,OR
931123932,OR
930769100,OR
931264722,OR
930669285,OR
261666325,OR
936031045,OR
930861639,OR
930413990,OR
930807685,OR
452963767,OR
475040896,OR
203326373,OR
936027995,OR
931160018,OR
931320051,OR
936098153,OR
930744941,OR
930858825,OR
943189006,OR
943194409,OR
931151382,OR
931140056,OR
930790099,OR
931062982,OR
930735343,OR
208790449,OR
931306729,OR
201226604,OR
931041158,OR
811730448,OR
931208405,OR
930704993,OR
930910160,OR
930683005,OR
930140220,OR
510191790,OR
473840696,OR
931112592,OR
931326625,OR
930749992,OR
931176482,OR
930914340,OR
460463956,OR
930603023,OR
930623407,OR
930796407,OR
936041670,OR
371778239,OR
383348542,OR
936031783,OR
930441766,OR
202687181,OR
930241560,OR
431432021,OR
030456181,OR
930438697,OR
273646644,OR
930786506,OR
931162435,OR
930381128,OR
472153766,OR
203530960,OR
412168110,OR
930680742,OR
943153463,OR
930717013,OR
930336999,OR
452667299,OR
330723960,OR
930632522,OR
930976110,OR
931095010,OR
931190310,OR
931255633,OR
930496650,OR
510153335,OR
936024287,OR
930682075,OR
930915867,OR
930163375,OR
930769884,OR
911807304,OR
930638179,OR
475181333,AR
936098925,OR
900344383,OR
946749856,OR
931097711,OR
270413006,OR
936174460,OR
261932352,OR
936031765,OR
943090169,OR
930885266,OR
930573791,OR
202390382,OR
510511301,OR
260322213,OR
930834020,OR
931242731,OR
936021894,OR
936033096,OR
931146337,OR
931295272,OR
453729152,OR
271123896,OR
260076749,OR
462515495,OR
931025665,OR
930846850,OR
237131015,OR
930196193,OR
263585433,OR
820604981,OR
930690723,OR
930943539,OR
810523954,OR
931293019,OR
931162218,OR
930654269,OR
930494085,OR
930824369,OR
930798322,OR
472309274,OR
371836550,OR
273823320,OR
931279574,OR
930589764,OR
930280680,OR
460545789,OR
930699977,OR
930902056,OR
931090685,OR
900208522,OR
930297249,OR
930883280,OR
930843261,OR
930730133,OR
431960713,OR
951617840,OR
651228719,OR
274319781,OR
462172193,OR
931295885,OR
463691938,OR
936033120,OR
916458791,OR
464337405,OR
463091737,OR
936023450,OR
911274135,OR
936031819,OR
453781829,OR
203681041,OR
930451732,OR
200352077,OR
270926234,OR
931257753,OR
931076130,OR
912140609,OR
930623648,OR
931167487,OR
264523843,OR
931190084,OR
043578179,WA
936031258,OR
270377378,OR
043401323,MD
931284335,OR
936039354,OR
141983869,OR
237207991,OR
311662208,OR
936097748,OR
203813278,OR
936041286,OR
931099912,OR
931075047,OR
931287230,OR
743052430,OR
813713195,OR
800505305,OR
930799658,OR
931105205,OR
930923775,OR
931130262,OR
472770228,OR
582670951,OR
202021524,OR
473355131,OR
930862641,OR
237023370,OR
931277926,OR
300792170,OR
931329192,OR
462856284,OR
931176313,OR
260694904,OR
943117919,OR
943381306,OR
931151635,OR
274383273,OR
527320419,OR
451801715,OR
931200432,OR
710933809,OR
680577560,OR
930770465,OR
201476822,OR
931147979,OR
454810269,OR
810583065,OR
911761078,OR
204034255,OR
300340412,OR
271265550,OR
133929315,OR
930215270,OR
311676770,OR
846022941,OR
931251717,OR
200213467,OR
943069829,OR
931170796,OR
930297164,OR
930511950,OR
200155231,OR
912080323,OR
264449347,OR
943058546,OR
205878551,OR
510185021,OR
930363587,OR
201975263,OR
931081536,OR
930292610,OR
930241594,OR
320000467,OR
812850747,OR
930821217,OR
943143417,OR
930694295,OR
931327535,OR
830363480,OR
930714716,OR
274221286,OR
943184018,OR
263736741,OR
930705342,OR
237181999,OR
461292383,OR
930329226,OR
461675159,OR
930718331,OR
936015296,OR
930243381,OR
811624325,OR
261372818,OR
271440140,OR
201824854,OR
452177036,OR
931236854,OR
352212258,OR
931016272,OR
462783389,OR
263718528,OR
651209796,OR
931144703,OR
930884148,WA
462028748,OR
931322729,OR
264271875,OR
931258357,OR
943037898,OR
930684067,OR
452657743,OR
930748812,OR
474410021,OR
930859501,OR
870452722,OR
930919233,OR
311674605,OR
743103432,OR
911787981,OR
930223400,OR
311677531,OR
930778462,OR
562497219,OR
930775337,OR
931321639,OR
931150592,OR
930811197,OR
203968120,OR
931108531,OR
311501719,OR
911786694,OR
931110745,OR
930959104,OR
571186466,OR
930917940,OR
930790443,OR
930553172,OR
911853159,OR
930995686,OR
821200543,OR
943138500,OR
300656123,NV
203645277,OR
930295895,OR
931158780,OR
821096766,OR
462698843,OR
931321009,OR
205994687,OR
030529330,OR
201421190,OR
461607139,OR
205733333,OR
930671963,OR
930911191,OR
936036653,OR
943138507,OR
930816850,OR
651166066,OR
464606086,OR
943180347,OR
930276645,OR
931247276,OR
454526814,OR
931229840,OR
930446513,OR
455501750,OR
475274064,OR
930423900,OR
472268814,OR
931216398,OR
300519872,OR
930964181,OR
300360180,OR
203189709,OR
453793511,OR
930953615,OR
463538750,OR
930870309,OR
936024129,OR
943247154,OR
930818096,OR
936021614,OR
931313980,OR
931270845,OR
208982518,OR
911848416,OR
931028727,OR
936032882,OR
261535453,OR
930570227,OR
930928813,OR
271723872,OR
911844877,OR
930235323,OR
300407470,OR
931322736,OR
931180660,OR
310894018,TX
452550090,OR
930556522,OR
930386355,OR
930372657,OR
936030585,OR
930812789,OR
201782610,OR
931178553,OR
911798357,OR
821826994,OR
931290054,OR
930799089,OR
931261279,OR
651208462,OR
930867408,OR
930575301,OR
237049918,OR
931166521,OR
813791683,OR
931035820,OR
930988530,OR
262910949,OR
930843837,OR
930775602,OR
452474481,OR
931014651,OR
474248583,OR
943194403,OR
930383321,OR
454526190,OR
930949446,OR
930845197,OR
930555329,OR
936095313,OR
943211347,OR
841482706,OR
936023103,OR
943144630,OR
930908560,OR
931301831,OR
931316345,OR
237097546,OR
930854853,OR
262964325,OR
474653105,OR
208020190,OR
930169158,OR
463458457,OR
455100719,OR
931114786,OR
391460266,OR
930818031,OR
931120777,OR
462885106,OR
931061171,OR
931062729,OR
201455992,OR
930872821,OR
936024058,OR
931127258,OR
204757054,OR
204525402,OR
911259419,OR
473268808,OR
936030759,OR
936032303,OR
366142488,OR
472943786,OR
930321889,OR
930995215,OR
930698692,OR
931051752,OR
931088293,OR
930607742,OR
931279933,OR
930677914,OR
930783407,OR
936031043,OR
930585893,OR
936025585,OR
930363715,OR
931294227,OR
800762454,OR
930112196,OR
930309750,OR
455432281,OR
931282671,OR
205502851,OR
475136245,OR
237033569,OR
273067948,OR
931296756,OR
936040884,OR
510186372,OR
743140832,OR
930748805,OR
930269205,OR
261077725,OR
931320441,OR
800038835,OR
936049712,OR
450519586,OR
936031469,OR
930834500,OR
651203900,OR
930613470,OR
930455775,OR
930930033,OR
931247098,OR
931153131,OR
262907232,OR
460907112,OR
930252880,OR
270797087,OR
522363626,OR
931310131,OR
931104289,OR
911768607,OR
237008620,OR
930771249,OR
930788610,OR
470797478,OR
931177738,OR
931247394,OR
364591261,OR
205634407,OR
530204656,OR
465268593,OR
930896872,OR
930448016,OR
930891239,OR
472176553,OR
930779289,OR
930729390,OR
680546503,OR
473435485,OR
936025596,OR
930774594,OR
930938966,OR
383797599,OR
464714467,OR
931073288,OR
205055132,OR
680481140,OR
931149996,OR
943102115,OR
471067268,OR
270049012,OR
930766097,OR
010715181,OR
930814490,OR
261357376,OR
261144158,OR
930556144,OR
931258437,OR
943029548,OR
931000994,OR
201006407,OR
800554538,OR
936001931,OR
311520436,OR
930545940,OR
931191997,OR
821210883,OR
930864466,OR
931172164,OR
930654603,OR
275222528,OR
611431341,OR
930894565,OR
930942925,OR
201148111,OR
931139782,OR
452586013,OR
205717653,OR
931138741,OR
930414274,OR
931030730,OR
237393223,OR
931085864,OR
930137505,OR
931233618,OR
936032742,OR
931291150,OR
931037644,OR
911031100,OR
352167322,OR
931255889,OR
455234094,OR
463224756,OR
930788470,OR
472877104,OR
936024034,OR
203201366,OR
113097675,OR
931062307,OR
412185841,OR
930993469,OR
930942933,OR
943059059,OR
931230131,OR
451214681,OR
203839795,OR
812174742,OR
930653277,OR
201103586,OR
131134622,OR
237048817,OR
205371832,OR
412097602,OR
943091689,OR
260634723,OR
930321184,OR
930844065,OR
911761885,OR
931279736,OR
270869273,OR
731684628,OR
930920785,OR
237026046,OR
300516378,OR
931310463,OR
510489285,OR
930819366,OR
931071753,OR
930799344,OR
931045076,OR
237328974,OR
452770172,OR
943067140,OR
930881652,OR
930700353,OR
930921093,OR
936037058,OR
260498033,OR
930816421,OR
930773476,OR
931321759,OR
931148357,OR
383849129,OR
460685338,OR
930388548,CA
813530015,OR
237211862,OR
352335421,OR
237448353,OR
205794189,OR
311399194,OR
208192679,OR
421737854,OR
930581138,OR
943183802,OR
300064561,OR
452408314,OR
900292647,OR
911369630,OR
300037898,OR
931250482,OR
931320700,OR
474179669,OR
943141614,OR
930821866,OR
272837197,OR
453789421,MT
936041248,OR
463741710,OR
930822721,OR
200165409,OR
943138410,OR
237427640,OR
936024969,OR
473955487,OR
930772212,OR
320414056,OR
364829234,OR
810603385,OR
931320573,OR
260656613,OR
814325149,OR
911796945,OR
204758238,OR
454999599,OR
931300204,OR
930123625,OR
930994040,OR
931075872,OR
203651672,OR
911165662,OR
931139951,OR
931013951,OR
916050879,OR
931328582,OR
930429518,OR
930439724,OR
930362839,OR
274672151,OR
930852980,OR
465066887,OR
931204172,OR
931045725,OR
931008403,OR
931063394,OR
462377054,OR
421757328,OR
680455097,OR
930256905,OR
931172207,OR
300554675,OR
930390147,OR
936030683,OR
271047308,OR
930959993,OR
943078547,OR
931121816,OR
300437163,OR
936015374,OR
930160415,OR
936030726,OR
205610889,OR
943098016,OR
936025357,OR
264274557,OR
300999403,OR
931084126,OR
800297013,OR
930887396,OR
931257422,OR
473635380,OR
931097760,OR
930841560,OR
680524940,OR
421762620,OR
810969124,OR
261517773,OR
931268069,OR
943113791,OR
930667831,OR
931019788,OR
911803102,OR
930131385,OR
931177836,OR
300390131,OR
271632045,OR
311587418,OR
910353245,OR
931251362,OR
931011604,OR
930999442,OR
931309045,OR
931216396,OR
880267457,OR
931321979,OR
930587569,OR
931231250,OR
931267585,OR
930667629,OR
581773512,OR
930572009,OR
930986405,OR
464451148,OR
141941732,OR
237111839,OR
930520191,OR
202808020,OR
930842933,OR
911780361,OR
911787357,OR
911764453,OR
264827713,OR
300315618,OR
931028834,OR
930641092,OR
931061561,OR
930824203,OR
311780332,OR
930241131,OR
931200931,OR
931202061,OR
931188551,OR
931209508,OR
943178822,OR
930454995,OR
237324136,OR
931148185,OR
930674705,OR
936039316,OR
510180514,OR
464586505,OR
931318144,OR
222647786,OR
954705413,OR
205289738,OR
810604730,OR
271945025,OR
237090047,OR
980087643,OR
900866667,OR
930195537,OR
200524744,OR
272521608,OR
931226903,OR
930900123,OR
263102015,OR
930826652,OR
611739048,OR
930881484,OR
936024043,OR
930877416,OR
931056376,OR
930396033,OR
931181887,OR
931167214,OR
931241304,OR
931154632,OR
931268692,OR
813992944,OR
237025546,OR
931072622,OR
201109235,OR
931146935,OR
931120037,OR
930581430,OR
930963284,OR
943163349,OR
330560224,OR
474175148,OR
260068805,OR
462488593,OR
930756833,OR
936031454,OR
900103944,OR
860993119,OR
930658352,OR
237140608,OR
930704480,OR
931102851,OR
930442683,OR
371621141,OR
936028867,OR
936029436,OR
930609350,OR
930835733,OR
930724486,OR
455496763,OR
364541988,OR
273855114,OR
930733174,OR
030471427,OR
936097252,OR
208904928,OR
300137313,OR
930876290,OR
813568151,OR
202906575,OR
943085445,OR
930594295,OR
930568258,OR
930652807,OR
931262189,OR
271248762,OR
930866964,OR
931307301,OR
931138243,OR
936027641,OR
931315142,OR
263413764,OR
930581523,OR
931314764,OR
930112193,OR
680510491,OR
930718913,OR
521116693,OR
931071409,OR
930643830,OR
464761595,OR
760752134,OR
936024919,OR
271495485,OR
203348915,OR
931098358,OR
931329229,OR
352533894,OR
205593328,OR
201518829,OR
930122382,OR
930686098,OR
651224857,OR
463794416,OR
931290307,OR
931258611,OR
930652792,OR
452901016,OR
931077620,OR
471896901,OR
931128004,OR
473125530,OR
930764167,OR
943192760,OR
930253202,OR
270177878,OR
930983284,OR
463792129,OR
936031203,OR
930987757,OR
936030981,OR
930147668,OR
272614592,OR
931326307,OR
455114020,OR
814241889,OR
202934930,OR
300150634,OR
200526917,OR
300403929,OR
263788260,OR
936026553,OR
272076836,OR
931107831,OR
930232284,OR
931113346,OR
930791477,OR
930855877,OR
930252900,OR
474110657,OR
936028410,OR
260226994,OR
271064431,OR
931208359,OR
930771425,OR
930974745,OR
930681812,OR
931064121,OR
202582034,OR
930845104,OR
931321755,OR
474159875,OR
930496840,OR
931161002,OR
274414937,OR
943149720,OR
900418147,OR
931064935,OR
930427037,OR
931053741,OR
930688381,OR
930202833,OR
472144671,OR
452413443,OR
930913394,OR
931263998,OR
930360089,OR
931188307,OR
930822406,OR
931089891,OR
460494613,OR
930587874,OR
050634136,OR
452851834,OR
931000938,OR
205953011,OR
930934777,OR
930857287,OR
930825788,OR
930909586,OR
475297578,OR
930493441,OR
383739151,OR
452852652,OR
930968756,OR
931265811,OR
943055593,OR
936029114,OR
931293021,OR
931174875,OR
930921983,OR
931330699,OR
464080885,OR
931314105,OR
453692877,OR
270745177,OR
237261628,OR
930588743,OR
841641552,OR
930570653,OR
043774565,OR
931241436,OR
262194507,OR
311587415,OR
930122410,OR
930367859,OR
203822162,OR
936026158,OR
930593128,OR
263561170,OR
931191371,OR
930981209,OR
200518670,OR
300745582,OR
930329038,OR
263027262,OR
930357744,OR
930773478,OR
161774114,OR
931207769,OR
936038023,OR
931282682,OR
931309767,OR
930930394,OR
202683560,OR
943212537,OR
930578424,OR
930967313,OR
453558243,OR
203108431,OR
352190336,OR
930900095,OR
911826263,OR
931188684,OR
510162615,OR
931321280,OR
931189853,OR
930347514,OR
930901914,OR
262566500,OR
237143235,OR
510530995,OR
930624349,OR
201111444,OR
930875897,OR
814610846,OR
272927649,OR
931067591,OR
930295897,OR
911814094,OR
383775863,OR
930589287,OR
943212540,OR
273399695,OR
916435915,OR
930421487,OR
201285400,OR
464190513,OR
461018517,OR
462004054,OR
464120269,OR
471489673,OR
930515970,OR
931318416,OR
943196455,OR
931290953,OR
930213268,OR
930201420,OR
936032286,OR
200003876,OR
931265446,OR
474625986,OR
930787310,OR
930472403,OR
941581549,OR
931280970,OR
931268523,OR
930911789,OR
930977273,OR
462464012,OR
464599820,OR
936033820,OR
201331736,OR
205597705,OR
936025010,OR
522316894,DC
930673430,OR
930726803,OR
930728231,OR
930517961,OR
931255627,OR
930814835,OR
455386813,OR
931329815,OR
261530127,OR
931192772,OR
911829239,OR
461136684,OR
510227061,OR
931282998,OR
930652737,OR
931318366,OR
931009176,OR
815424215,OR
930553451,OR
371755279,OR
931289894,OR
342036185,OR
930664038,OR
931234708,OR
943162074,OR
931261640,OR
912103401,OR
930858044,OR
930558405,OR
812047068,OR
451312492,OR
930965136,OR
260042956,OR
931050034,OR
264323129,OR
930900103,OR
264144123,OR
930745985,OR
930878314,OR
900601134,OR
930233010,OR
900111740,OR
474996726,OR
931183339,OR
930851927,OR
680537648,OR
936032352,OR
473795108,OR
943041307,OR
930955040,OR
205237609,OR
743062657,OR
930833620,OR
272666052,OR
274846178,OR
396677792,OR
331201813,OR
272632072,OR
383921215,OR
203892277,OR
237358083,OR
930747888,OR
943050560,OR
471195813,OR
510434057,OR
931247456,OR
930503188,OR
936033838,OR
237371454,OR
454046196,OR
930385006,OR
911350773,OR
260302137,OR
943055803,OR
472786960,OR
930498861,OR
931278854,OR
930846286,OR
931274913,OR
472747562,OR
237318340,OR
821856717,OR
931300169,OR
931110588,OR
931306211,OR
237200802,OR
911804446,OR
931063521,OR
454844162,OR
930884716,OR
931317190,OR
270231596,OR
931241460,OR
931098563,OR
461482848,OR
931317126,OR
204342102,OR
813934437,OR
272151721,OR
237346102,OR
930989216,OR
943212538,OR
262713779,OR
930520440,OR
930852042,OR
452052157,OR
931309774,OR
930433686,OR
472672518,OR
208751547,OR
471085469,OR
161755180,OR
930205322,OR
200185277,OR
462040546,OR
200522710,OR
931196184,OR
930839390,OR
931242941,OR
473786793,OR
451739761,OR
472635777,OR
474968611,OR
931142558,OR
261332083,OR
931142642,OR
810519605,OR
010755594,OR
930978737,OR
461979540,OR
930575887,OR
943081823,OR
930758252,OR
800516996,OR
930291498,OR
931223422,OR
931151279,OR
451613371,OR
931102469,OR
721551127,OR
710958638,OR
814235130,OR
930756528,OR
936024205,OR
272243614,OR
931326010,OR
825520534,OR
943030991,OR
320300896,OR
812482516,OR
383655438,OR
262213911,OR
462360867,OR
813487391,OR
751535002,OR
261925411,OR
010777882,OR
203814430,OR
237351232,OR
202557070,OR
462588355,OR
261529986,OR
930507487,OR
931235708,OR
930889147,OR
201691602,OR
931216397,OR
931197298,OR
474702962,OR
263150550,OR
931185524,OR
943114127,OR
953486766,OR
911744259,OR
911084551,OR
930833985,OR
721583726,OR
470991908,OR
931272814,OR
593813059,OR
931225261,OR
474310479,OR
936022448,OR
320361565,OR
237047439,OR
930926682,OR
931321388,OR
823071470,OR
930593026,OR
453366145,OR
452252926,OR
043549245,OR
571191574,OR
208452489,OR
930504197,OR
752976913,OR
931112359,OR
930853027,OR
811469719,OR
311552940,OR
510458157,OR
880485247,OR
930562411,OR
911271755,OR
931056649,OR
931067999,OR
510188704,OR
930619849,OR
930877843,OR
454754699,OR
463534725,OR
237451789,OR
272433812,OR
930122388,OR
562546108,OR
930881673,OR
331001225,OR
386089294,IL
721613215,OR
464365248,OR
931296877,OR
201691293,OR
936044347,OR
936033847,OR
931309882,OR
911107572,OR
453764014,OR
931329669,OR
453599268,OR
931140644,OR
260015593,OR
472354839,OR
930478496,OR
260310749,OR
930523882,OR
330568058,OR
930666567,OR
331074344,OR
201384232,OR
936096495,OR
463450243,OR
510197068,OR
943179782,OR
542131344,OR
931320252,OR
460889736,OR
931277874,OR
931229674,OR
261931455,OR
931309770,OR
936038634,OR
930912648,OR
930814440,OR
474752247,OR
931305543,OR
465607290,OR
911751981,OR
930806236,OR
930939895,OR
454331368,OR
930906775,OR
452090544,OR
930592392,OR
936041284,OR
936028976,OR
930608936,OR
931018566,OR
812940849,OR
930740519,OR
270153544,OR
931209647,OR
931274760,OR
930948164,OR
261364704,OR
930824528,OR
936043858,OR
931250270,OR
680624507,OR
936028398,OR
814098939,OR
823282985,OR
936036286,OR
270568541,OR
931236371,OR
720809404,OR
300224915,OR
910977708,OR
930987736,OR
936029134,OR
274540496,OR
931070832,OR
931236468,OR
931215202,OR
931185098,OR
263662721,PA
931326335,OR
311552944,OR
931232566,OR
454153036,OR
936169792,OR
936031916,OR
930811915,OR
931005983,OR
936031196,OR
237020093,OR
311726227,OR
931129694,OR
463292198,OR
936099167,OR
936033818,OR
911787074,OR
421649091,OR
930662265,OR
272202107,OR
237026604,OR
930793336,OR
930825782,OR
352448580,OR
205915188,OR
931075960,OR
823174942,OR
931006901,OR
943085792,OR
930991012,OR
010932751,OR
810904009,OR
823412020,OR
260629356,OR
461177904,OR
936042268,OR
931078749,OR
161332235,OR
930851392,OR
453301302,OR
464703589,OR
931114902,OR
931266917,OR
261777589,OR
811423056,OR
931244225,OR
930790867,OR
800019915,OR
931317590,OR
931132905,OR
800229948,OR
930403070,OR
931057037,OR
931113774,OR
931298147,OR
931185531,OR
943242703,OR
480983789,OR
930716075,OR
931296155,OR
943136037,OR
930945870,OR
453603079,OR
931096342,OR
271368950,OR
454198887,OR
930893301,OR
472189863,OR
931307857,OR
931149173,OR
943112820,OR
611693223,OR
900408573,OR
930921893,OR
821887365,OR
770592635,OR
475077856,OR
930576774,OR
472713987,OR
880393935,OR
912032896,OR
611551935,OR
820916174,OR
611794364,OR
931068087,OR
911796246,OR
800548430,OR
201037078,OR
930299877,OR
412094799,OR
476650627,OR
474239096,OR
474893444,OR
466717868,OR
262264575,OR
208768923,OR
931274620,OR
930139165,OR
931261412,OR
930594784,OR
800697682,OR
931267044,OR
472609879,OR
471253863,OR
930558267,OR
204555598,OR
311682683,OR
271336063,OR
237237233,OR
264687871,OR
930801653,OR
470918273,OR
462855155,OR
930771815,OR
263700834,OR
363144368,OR
431964363,OR
272430848,OR
260901792,OR
943399504,OR
936031494,OR
931183758,OR
133060669,OR
930972984,OR
272124566,OR
463106746,OR
936039340,OR
205092779,OR
931033067,OR
161633303,OR
930643670,OR
810762712,OR
273389750,OR
930744117,OR
911151879,OR
931287270,OR
141858512,OR
204695171,OR
931248059,OR
911835082,OR
930241980,OR
943114128,OR
911848275,OR
270102203,OR
930646402,OR
911826451,OR
274083780,OR
911805850,OR
911827339,OR
930811545,OR
680671396,OR
931249105,OR
237303154,OR
931317889,OR
911764112,OR
455455476,OR
943101421,OR
943110224,OR
931289932,OR
931003195,OR
930865175,OR
930855100,OR
208443275,OR
815215124,OR
470823584,OR
931226388,OR
930117550,OR
930329216,OR
203888216,OR
510152357,OR
930397501,OR
931027145,OR
943130225,OR
460958790,OR
237065108,OR
931248002,OR
931194490,OR
911424982,OR
760704869,OR
930155562,OR
911804542,OR
237050719,OR
263924840,OR
943150636,OR
464998689,OR
930879944,OR
237128195,OR
931123991,OR
930938421,OR
931174394,OR
936041768,OR
274404972,OR
562653566,OR
931039446,OR
736504648,OR
930507973,OR
930523835,OR
452508860,OR
930883836,OR
311624440,OR
930810920,OR
930503477,OR
472304060,OR
936025192,OR
930515458,OR
930412513,OR
931065261,OR
931027344,OR
936030969,OR
472091648,OR
930868697,OR
460858837,OR
931017646,OR
274116297,OR
861166255,OR
911203635,OR
811991879,OR
043585480,OR
931124114,OR
930854620,OR
930229514,OR
812851205,OR
930366838,OR
936031715,OR
931091701,OR
300568275,OR
813195809,OR
930473520,OR
931282723,OR
813371890,OR
911757244,OR
300449673,OR
272044727,OR
930826647,OR
930349073,OR
943163912,OR
510186079,OR
770591023,OR
273017623,OR
930819967,OR
931314754,OR
931240331,OR
237151520,OR
300865288,OR
943140850,OR
204944364,OR
930570075,OR
930575922,OR
931148184,OR
680494059,OR
812950094,OR
943104390,OR
450970086,OR
930935172,OR
200646954,OR
270838801,OR
931295041,OR
930194935,OR
237170144,OR
930984036,OR
930796867,OR
900662139,OR
465345507,OR
050632305,OR
742637992,OR
300017853,OR
931283900,OR
931235321,OR
237145748,OR
930587688,OR
204468925,OR
943030030,OR
453345053,OR
931270843,OR
542177095,OR
364788188,OR
930916571,OR
930691877,OR
943229232,OR
943029558,OR
203507294,OR
710922164,OR
820539434,OR
412261098,OR
930848042,OR
931269138,OR
611491180,OR
930820126,OR
521434437,OR
943046552,OR
911830046,OR
943140644,OR
930327439,OR
931136024,OR
930444526,OR
770229817,OR
930736827,OR
930800726,OR
455548275,OR
931014717,OR
930607258,OR
261328991,OR
204679619,OR
911770148,OR
113698646,OR
936127035,OR
930861079,OR
752977111,OR
272664584,OR
930908462,OR
300110884,OR
930864873,OR
546503562,OR
264790198,OR
474415732,OR
237226681,OR
205994627,OR
930968216,OR
931100917,OR
931300045,OR
473373831,OR
237305143,OR
930704991,OR
452697899,OR
721529281,OR
813009316,OR
936050774,OR
200905821,OR
453139608,OR
931193267,OR
824918728,OR
930989722,OR
260544424,OR
930330279,OR
943096771,OR
936032137,OR
471643310,OR
943260016,OR
931331568,OR
273148479,OR
262239916,OR
412178681,OR
931277268,OR
936031635,OR
870763085,OR
010731775,OR
710916574,OR
455447181,OR
311587420,OR
931328011,OR
931235402,OR
271003508,OR
930561974,OR
930913979,OR
831243720,OR
911768637,OR
936031780,OR
931114182,OR
930480213,OR
474907219,OR
930653280,OR
930919021,OR
412190889,OR
311715321,OR
462438435,OR
931043526,OR
474088854,OR
931096410,OR
274374019,OR
930780300,OR
931001389,OR
930327244,OR
931224469,OR
621856948,OR
943065359,OR
930136599,OR
931098364,OR
202808129,OR
814905914,OR
364591149,OR
270122491,OR
930795264,OR
936027248,OR
260733729,OR
930981908,OR
943191447,OR
352545065,OR
840796515,OR
412078214,OR
930697308,OR
931306043,OR
931238070,OR
930874801,OR
203006038,OR
462428202,OR
452096351,OR
930256409,OR
931261974,OR
464592488,OR
943468601,OR
202789741,OR
237052987,OR
453456890,OR
931265283,OR
936031592,OR
931018684,OR
742934302,OR
931233605,OR
930824903,OR
463371625,OR
931305525,OR
453700432,OR
931015776,OR
911747155,OR
830436350,OR
205474617,OR
202800673,OR
930620928,OR
463051054,OR
205919157,OR
930778179,OR
930890225,OR
930195935,OR
203064454,OR
472861903,OR
270488882,OR
930237487,OR
261641869,OR
931178086,OR
814624043,OR
930728258,OR
936040643,OR
460855296,OR
930883883,OR
931305037,OR
830426130,OR
475012121,OR
931271808,OR
452155198,OR
204402181,OR
821116795,OR
930933962,OR
931195546,OR
911786058,OR
931140932,OR
930840761,OR
462175446,OR
931158976,OR
930952202,OR
930964130,OR
200414784,OR
930477108,OR
202344144,OR
931265595,OR
822348482,OR
471080138,OR
930670232,OR
270802580,OR
810878316,OR
930111590,OR
936041250,OR
931171601,OR
930691194,OR
930791946,OR
263758815,OR
311662259,OR
936040900,OR
462044991,OR
931219286,OR
473527156,OR
200733873,OR
471089244,OR
943027883,OR
261221194,OR
201939535,OR
930623144,OR
943713926,OR
208809195,OR
931326415,OR
930852914,OR
930570878,OR
611552309,OR
475622033,OR
113765572,OR
943032557,OR
930878596,OR
931256996,OR
205741162,OR
454882405,OR
930798455,OR
274094762,OR
823142830,OR
611475497,OR
936038590,OR
462554780,OR
800374613,OR
472852580,OR
931155565,OR
237174336,OR
943150642,OR
931292596,OR
931289102,OR
930832550,OR
453478841,OR
931327751,OR
931121608,OR
820556436,OR
930273165,OR
931255892,OR
474431690,OR
930166376,OR
930880111,OR
463219131,OR
930659481,OR
471826506,OR
263926266,OR
205488335,OR
202936487,OR
911923482,OR
931231357,OR
930998418,OR
204235740,OR
481268855,OR
931331912,OR
202883764,OR
930737312,OR
475343686,OR
472327643,OR
930853507,OR
931016076,OR
412183857,OR
930812837,OR
930267435,OR
237328335,OR
930992727,OR
473967760,OR
930896252,OR
820927044,OR
931044679,OR
911708963,OR
931102215,OR
930701581,OR
462163414,OR
462348752,OR
931306314,OR
237165423,OR
464119141,OR
432057140,OR
931120908,OR
900700219,OR
270072019,OR
931000906,OR
237090198,OR
813874094,OR
273210225,OR
454058053,OR
930814486,OR
911804418,OR
204974161,OR
930461863,OR
931116641,OR
731137098,OR
936027273,OR
936034012,OR
510175514,OR
936033127,OR
936034202,OR
943097459,OR
352239724,OR
943206648,OR
822036220,OR
264575033,OR
931191426,OR
473868030,OR
930810244,OR
753020474,OR
930843715,OR
271122359,OR
263325303,OR
465064866,OR
800742627,OR
264646584,OR
930902710,OR
237141857,OR
931292427,OR
911820719,OR
930329026,OR
273554594,OR
930477725,OR
931133919,OR
030464922,OR
930878196,OR
936184488,OR
824325263,OR
936031557,OR
263316353,OR
943098613,OR
261514610,OR
931015277,OR
936033841,OR
473924692,OR
930440992,OR
463319273,OR
931300861,OR
811381988,OR
931226136,OR
930884701,OR
931309645,OR
264487941,OR
261860830,OR
201615445,OR
263675851,OR
931252040,OR
930801532,OR
931028728,OR
930816862,OR
472196124,OR
936039301,OR
930122383,OR
930735183,OR
274447688,OR
900037691,OR
203125804,OR
930513770,OR
930736311,OR
936091486,OR
800843364,OR
943067266,OR
931303368,OR
861086365,OR
930807425,OR
341987249,OR
943213736,OR
930986640,OR
454272251,OR
911806376,OR
930916847,OR
931057210,OR
931325725,OR
753181967,OR
463366970,OR
931249461,OR
931215915,OR
371534151,OR
943180955,OR
911803863,OR
936327434,OR
205998294,OR
455190265,OR
931268862,OR
311697162,OR
930741893,OR
455579768,OR
930882320,OR
272850103,OR
931234637,OR
931150763,OR
931014376,OR
930962056,OR
930515824,OR
810815949,OR
320174243,OR
475278461,OR
931102230,OR
812272628,OR
811420026,OR
930644305,OR
462145159,OR
273219479,OR
204117517,OR
936036314,OR
931136196,OR
330715197,OR
450645281,OR
454229642,OR
261675500,OR
454692730,OR
930631567,OR
800605662,OR
364714437,OR
911821854,OR
936032414,OR
931299899,OR
931043197,OR
010862616,OR
237035908,OR
462888758,OR
363447039,OR
930147726,OR
936042046,OR
943164869,OR
205270198,OR
261571878,OR
931001144,OR
931128460,OR
930656384,OR
931147600,OR
931166961,OR
931266381,OR
260799085,OR
453239706,OR
931096434,OR
472941489,OR
453719828,OR
800900455,OR
364816040,OR
936021898,OR
474728232,OR
943032558,OR
931320953,OR
205390859,OR
931329744,OR
870747592,OR
931326511,OR
320399394,OR
931012190,OR
936031067,OR
930672558,OR
464152123,OR
262147632,OR
931309528,OR
930814021,OR
931302993,OR
811735941,OR
930834498,OR
912141467,OR
542125846,OR
208712752,OR
710916370,OR
931199803,OR
270239462,OR
270866019,OR
943077174,OR
861164211,OR
205658787,OR
200792434,OR
911784761,OR
930849041,OR
931316927,OR
931043318,OR
264329483,OR
200047050,OR
931100605,OR
931129860,OR
237253910,OR
411262454,OR
931068471,OR
931099151,OR
930792553,OR
352241027,OR
931312097,OR
930637016,OR
931303202,OR
931269364,OR
450705509,OR
680642107,OR
371418680,OR
930732527,OR
930571251,OR
237128182,OR
472556483,OR
931135963,OR
930599455,OR
510175500,OR
931256837,OR
830330168,OR
930401003,OR
936023852,OR
800392544,OR
930556265,OR
271460295,OR
931273704,OR
208552744,OR
237170484,OR
931300413,OR
931100015,OR
454725836,OR
930832026,OR
800555010,OR
931061006,OR
931007304,OR
237089629,OR
822626867,OR
931320362,OR
930715635,OR
930685710,OR
273395052,OR
821959548,OR
200070040,OR
465623264,OR
910728312,OR
161668474,OR
931224982,OR
462929473,OR
810877658,OR
930383021,OR
931106516,OR
936027839,OR
931243660,OR
462422881,OR
943070287,OR
930989382,OR
824203573,OR
936031287,OR
931148572,OR
931279543,OR
320264253,OR
931248921,OR
930593474,OR
930877481,OR
931187452,OR
936039287,OR
930801217,OR
453804465,OR
930397191,OR
931220053,OR
931156831,OR
930900124,OR
936034316,OR
237309413,OR
208222035,OR
453535051,OR
930404930,OR
320073649,OR
473126062,OR
134331873,OR
821708155,OR
936024155,OR
510137768,OR
431957038,OR
510186089,OR
936032197,OR
930871100,OR
931244631,OR
270390419,OR
800016065,OR
930884269,OR
931008583,OR
930952478,OR
474417880,OR
264241318,OR
930122403,OR
311606950,OR
930854225,OR
471528881,OR
930877996,OR
237376022,OR
510175516,OR
020530982,OR
237359693,OR
936028091,OR
931261322,OR
931144215,OR
931287540,OR
931069819,OR
943169195,OR
930993338,OR
200845058,OR
260434627,OR
320380426,OR
264769427,OR
274007843,OR
930959838,OR
930852734,OR
931131757,OR
311789360,OR
452853024,OR
272507688,OR
936032682,OR
812970794,OR
936030702,OR
261314524,OR
931262514,OR
931175835,OR
203070208,OR
930835504,OR
930441683,OR
352549878,OR
931101518,OR
936207748,OR
452406097,OR
812994600,OR
911806360,OR
261236926,OR
930881666,OR
341406307,OR
470932377,OR
931281073,OR
275028426,OR
273221349,OR
930577934,OR
222501689,OR
931310468,OR
931188463,OR
461007539,OR
931037645,OR
936030812,OR
931118959,OR
931034202,OR
931165587,OR
930794949,OR
462748858,OR
930871132,OR
931292905,OR
943179354,OR
237151063,OR
931277844,OR
911466642,OR
320148522,OR
936032231,OR
204353857,OR
936028131,OR
237154726,OR
931232245,OR
931328096,OR
270095533,OR
943220869,OR
263844398,OR
930955254,OR
943140888,OR
237355533,OR
931095466,OR
930388541,OR
201418824,OR
208580148,OR
133056110,OR
931273462,OR
931030325,OR
930680196,OR
931286864,OR
473730290,OR
030498375,OR
930635913,OR
452983344,OR
813445882,OR
271155282,OR
930676129,OR
455341099,OR
931161859,OR
262659701,OR
931239140,OR
931325720,OR
263177583,OR
931285490,OR
931257065,OR
271899059,OR
260656723,OR
474247572,OR
203488320,OR
930961415,OR
936031801,OR
930139160,OR
731702864,OR
263709943,OR
930840425,OR
930811272,OR
943139402,OR
812059185,OR
821499794,OR
880233962,OR
134283533,OR
931249676,OR
900455089,OR
465498921,OR
931098816,OR
930508041,OR
931285835,OR
363824232,OR
930810861,OR
202142525,OR
520885499,OR
930824679,OR
205571112,OR
911183406,OR
432086991,OR
814046432,OR
931059611,OR
931218008,OR
237098433,OR
460608856,OR
474053295,OR
263384076,OR
462416826,OR
930637051,OR
943134118,OR
261703290,OR
840976800,OR
931247948,OR
931148886,OR
822488480,OR
930902327,OR
930999814,OR
270075988,OR
800939282,OR
930754220,OR
472529103,OR
030425839,OR
931248019,OR
931271520,OR
936030654,OR
930832517,OR
562344703,OR
510178471,OR
936050685,OR
462572370,OR
936279827,OR
811661342,OR
300457438,OR
454839314,OR
260428368,OR
931319472,OR
202738888,OR
931091617,OR
930717774,OR
930829638,OR
931191043,OR
200103990,OR
462738658,OR
930745601,OR
911818651,OR
815435956,OR
464190613,DC
931059514,OR
930426379,OR
931046652,OR
237283106,OR
465304963,OR
331092387,OR
392053712,OR
931294292,OR
931308934,OR
320292948,OR
201794052,OR
943055121,OR
822193718,OR
510137543,OR
931053941,OR
460879155,OR
261739404,OR
930873618,OR
931221500,OR
931051679,OR
452469278,OR
930600192,OR
930760052,OR
936032369,OR
931240218,OR
931322928,OR
460650800,OR
510222873,OR
931091492,OR
261984677,OR
261177717,OR
830349998,OR
272595437,OR
930823471,OR
462572495,OR
203636934,OR
931298564,OR
931147575,OR
930916118,OR
931093005,OR
461825220,OR
930799374,OR
930992364,OR
821471306,OR
237009363,OR
931289808,OR
936030725,OR
821589694,OR
911796142,OR
465092490,OR
943123141,OR
952560782,OR
930088783,OR
460781800,OR
273214817,OR
263639798,OR
931284924,OR
813815765,OR
930723826,OR
931222733,OR
271178354,OR
455417793,OR
930847200,OR
831112190,OR
930420190,OR
205297699,OR
930525246,OR
465634763,OR
270342071,OR
464594941,OR
461150374,OR
930122387,OR
272703426,OR
943110219,OR
870751882,OR
205874921,OR
562453079,OR
261416886,OR
930762860,OR
930574749,OR
342037685,OR
201560742,OR
237446298,OR
930856787,OR
311639788,OR
134299277,OR
930953575,OR
364737622,OR
861115400,OR
931156570,OR
204366867,OR
471159278,OR
813942766,OR
936090977,OR
930474888,OR
262640899,OR
203306635,OR
300372437,OR
931224895,OR
810646142,OR
474837503,OR
930748742,OR
263350335,OR
931269813,OR
931111482,OR
931266605,OR
237051709,OR
264298649,OR
943077832,OR
812875088,OR
300640434,OR
930511355,OR
930320709,OR
271729005,OR
272132905,OR
811259778,OR
930675121,OR
202387091,OR
930425213,OR
936024475,OR
300468254,OR
237393221,OR
931076232,OR
943082526,OR
954070694,OR
936031480,OR
930460037,OR
931197526,OR
930568347,OR
930353761,OR
472178191,OR
931310653,OR
943196272,OR
936024430,OR
412098558,OR
931097038,OR
541945858,OR
943162643,OR
464364813,OR
473226622,OR
930627178,OR
930824501,OR
510200042,OR
800323013,OR
743058786,OR
930702595,OR
911784103,OR
930697597,OR
931192718,OR
510152190,OR
942654562,OR
472067593,OR
931019810,OR
930359419,OR
453402851,OR
453562471,OR
472199188,OR
943068754,OR
911786034,OR
270445381,OR
270156634,OR
205425511,OR
931205666,OR
936039298,OR
930852453,OR
270010481,OR
132896023,OR
431964348,OR
930675706,OR
930687360,OR
930986379,OR
931277816,OR
237170131,OR
237103784,OR
813580809,OR
930684662,OR
930963764,OR
930515139,OR
931161391,OR
930991316,OR
930963972,OR
200721672,OR
930954099,OR
264297835,OR
930950362,OR
936034947,OR
930906691,OR
472328706,OR
930937822,OR
930794708,OR
930722363,OR
208408832,OR
550788576,OR
680453642,OR
911814504,OR
455253153,OR
930631540,OR
930636923,OR
811327469,OR
472678893,OR
931248016,OR
931249244,OR
454798068,OR
205961423,OR
931092676,OR
943147572,OR
237140204,OR
931258710,OR
222868942,OR
943100841,OR
936032216,OR
270976354,OR
237448369,OR
930738777,OR
930388559,OR
205186851,OR
931255991,OR
931090105,OR
020730472,OR
474751730,OR
930859235,OR
205734244,OR
931298223,OR
931331281,OR
930556355,OR
936033823,OR
930739365,OR
363060501,OR
202592689,OR
811366417,OR
364759346,OR
930748798,OR
814076476,OR
208248790,OR
931036770,OR
930740547,OR
930699928,OR
841218142,OR
203465334,OR
454624912,OR
930273168,OR
470927318,OR
463711288,OR
237173303,OR
931136640,OR
273029312,OR
931255123,OR
743063424,OR
201927900,OR
270222794,OR
260339483,OR
200195229,OR
263903399,OR
931007918,OR
930710456,OR
931253154,OR
930850945,OR
473249039,OR
931243952,OR
931232023,OR
861002283,OR
931247063,OR
931156374,OR
461982582,OR
472594859,OR
263387217,OR
930509368,OR
451482033,OR
930683391,OR
936032698,OR
263156482,OR
900845394,OR
936031812,OR
930868731,OR
452767344,OR
931291847,OR
931134276,OR
203841328,OR
930477817,OR
931308915,OR
930745506,OR
911350861,OR
931191224,OR
823642672,OR
455077945,OR
930476220,OR
930708173,OR
472465842,OR
205449967,OR
931094132,OR
930701289,OR
237014569,OR
900097197,OR
930713773,OR
200107265,OR
930704218,OR
930856393,OR
936090014,OR
263131443,OR
931259732,OR
936036302,OR
930888900,OR
200635999,OR
931256343,OR
454715889,OR
931251883,OR
943107840,OR
461844550,OR
823784904,OR
930850513,OR
262383037,OR
237218995,OR
474317743,OR
330384251,OR
931121953,OR
936031807,OR
930639814,OR
931205915,OR
453325263,OR
930559532,OR
800403776,OR
510167059,OR
473395007,OR
930957752,OR
261598048,OR
931281695,OR
931153424,OR
320053298,OR
201887272,OR
383886799,OR
870752985,OR
930909219,OR
474538646,OR
331069687,OR
936031945,OR
300808779,OR
930757948,OR
930731766,OR
936023758,OR
463150231,OR
270657106,OR
931127638,OR
930801962,OR
912198733,OR
931331876,OR
931180465,OR
911766934,OR
412201102,OR
264819577,OR
611603693,OR
237427658,OR
821458662,OR
471248900,OR
134358819,OR
930937429,OR
943195006,OR
200104681,OR
611631023,OR
264422694,OR
931166559,OR
931191688,OR
931324899,OR
271981769,OR
936039346,OR
510187839,OR
931217256,OR
203006967,OR
931010798,OR
201154327,OR
330749352,OR
270642562,OR
931133972,OR
930990827,OR
463095862,OR
824559361,OR
371760615,OR
930590838,OR
812591712,OR
930853666,OR
931299163,OR
931311954,OR
953986741,OR
930885035,OR
474822765,OR
931269832,OR
912111830,OR
455511705,OR
936030218,OR
931269166,OR
930969218,OR
460487792,OR
870676101,OR
931180755,OR
943101722,OR
823474910,OR
800611536,OR
273533264,OR
760747788,OR
900671261,OR
200919040,OR
930974698,OR
931255246,OR
271969337,OR
462310732,OR
936031479,OR
911820468,OR
936031960,OR
461728425,OR
475110015,OR
936034549,OR
461227778,OR
930688807,OR
237035377,OR
262368990,OR
930679056,OR
263093328,OR
475458635,OR
943096844,OR
930662311,OR
320394470,OR
262136419,OR
800365511,OR
931210998,OR
930643165,OR
931044964,OR
931100607,OR
936041555,OR
472916394,OR
861130479,OR
813626615,OR
930730017,OR
461829800,OR
931326448,OR
930974544,OR
900607887,OR
911849275,OR
911837139,OR
821797993,OR
930728990,OR
930694668,OR
930556942,OR
364462623,OR
273446921,OR
936098731,OR
931271810,OR
930835095,OR
050543153,OR
830484742,OR
452596909,OR
930836355,OR
931166811,OR
473092206,OR
311603821,OR
450678253,OR
931162608,OR
371653682,OR
030383463,OR
931158472,OR
203451097,OR
472471876,OR
943067541,OR
931304127,OR
271850784,OR
930915874,OR
463255513,OR
936095663,OR
237125266,OR
911766978,OR
811677322,OR
930830738,OR
510157380,OR
562459428,OR
264715130,OR
273443528,OR
237005940,OR
930593461,OR
936182627,OR
930779612,OR
931304909,OR
061706401,OR
931094615,OR
455413084,OR
900812193,OR
822267227,OR
205969971,OR
931264245,OR
475143027,OR
936055251,OR
931247149,OR
931186245,OR
931122563,OR
020667840,OR
931163543,OR
943171872,OR
930968954,OR
261447419,OR
061709222,OR
943114966,OR
930523423,OR
931213218,OR
465272912,OR
461213739,OR
474076985,OR
300551360,OR
930692078,OR
931263039,OR
931330075,OR
262032672,OR
651230155,OR
936038539,OR
930972140,OR
931219380,OR
930759403,OR
930931273,OR
471809162,OR
930878256,OR
936037446,OR
943129626,OR
930740911,OR
223887940,OR
931136507,OR
931018752,OR
930908463,OR
930849210,OR
943344711,OR
930349181,OR
260820043,OR
527114458,OR
911786591,OR
320500700,OR
930987733,OR
274022146,OR
930768332,OR
208440330,OR
936024030,OR
931014726,OR
936030170,OR
261596296,OR
455275219,OR
270737022,OR
930806335,OR
936042650,OR
931116398,OR
930224029,OR
237316276,OR
936031823,OR
203869186,OR
931160165,OR
841616819,OR
931298975,OR
931164126,OR
352353909,OR
912106669,OR
510185145,OR
930729779,OR
300191594,OR
930418850,OR
463534442,OR
943114125,OR
936025372,OR
930340324,OR
911829996,OR
464617953,OR
910972417,OR
812563221,OR
205896121,OR
311763132,OR
461557264,OR
930359271,OR
237269836,OR
237122654,OR
205309445,OR
943112659,OR
930588525,OR
936039838,OR
930993572,OR
208847566,OR
260098850,OR
930348424,OR
931294467,OR
311082256,OR
432028495,OR
311775216,OR
936082269,OR
470848781,OR
931181563,OR
943113835,OR
720478319,IA
331054969,OR
936022987,OR
800702135,OR
930547433,OR
930417029,OR
710897497,OR
931302432,OR
931233122,OR
753080261,OR
931209646,OR
930771871,OR
237422295,OR
954601798,OR
453674583,OR
943250882,OR
711053306,OR
936033187,OR
931276892,OR
473926085,OR
464722188,OR
931090242,OR
383823985,OR
870694761,OR
270670834,OR
472781802,OR
237448458,OR
936098896,OR
311702111,OR
931085680,OR
911820614,OR
943130769,OR
931284549,OR
930518278,OR
870762482,OR
936027198,OR
460564082,OR
931264173,OR
200461816,OR
931283813,OR
455303630,OR
461047083,OR
931151538,OR
272522386,OR
931140898,OR
931279631,OR
460669289,OR
930852452,OR
203019932,OR
930953537,OR
931077103,OR
936092788,OR
465112839,OR
800460532,OR
931208079,OR
453918212,OR
930677896,OR
931274667,OR
743247113,OR
936033218,OR
936311484,OR
930746833,OR
936030658,OR
471405618,OR
331131242,OR
931298349,OR
202590790,OR
911819560,OR
931303647,OR
270725184,OR
931122714,OR
931282459,OR
300401609,OR
930773423,OR
930909805,OR
931302778,OR
931102328,OR
911471766,OR
264515006,OR
237134176,OR
936032418,OR
264836240,OR
825281174,OR
931238692,OR
262012277,OR
930931139,OR
452737818,OR
237139802,OR
260183430,OR
931330149,OR
650581840,OR
930911196,OR
364748680,OR
931277959,OR
930341254,OR
931025506,OR
930256440,OR
931303261,OR
931218274,OR
237544746,OR
472734755,OR
030417216,OR
930600567,OR
931236988,OR
930836356,OR
931280400,OR
911099550,OR
471815133,OR
931071429,OR
264411797,OR
452757442,OR
262379101,OR
814284286,OR
931106870,OR
364806858,OR
203710293,OR
510565149,OR
930873123,OR
421569389,OR
454199065,OR
800020760,OR
571219725,OR
936039422,OR
264169150,OR
261402190,OR
822157072,OR
930391518,OR
936039323,OR
562601109,OR
931258614,OR
264033859,OR
930273005,OR
330994626,OR
800398701,OR
930681401,OR
931184934,OR
943215877,OR
931166798,OR
237011618,OR
931285575,OR
930829650,OR
900866141,OR
822667035,OR
473880391,OR
930840416,OR
300758898,OR
931118057,OR
930837455,OR
931132635,OR
930213974,OR
931247644,OR
931259886,OR
275137629,OR
463690576,OR
275198214,OR
930880302,OR
930932417,OR
930802662,OR
931128231,OR
461019480,OR
510484049,OR
510235493,OR
300639805,OR
711001126,OR
593810598,OR
200009820,OR
930747935,OR
208776775,OR
237024977,OR
930575624,OR
931247073,OR
930939726,OR
371830754,OR
931240967,OR
930743789,OR
465371816,OR
931267667,OR
930853511,OR
454089973,OR
455600208,OR
931028311,OR
936026777,OR
814885713,OR
472013279,OR
200368677,OR
272051482,OR
800660213,OR
930875009,OR
200861395,OR
237029062,OR
931043415,OR
262206115,OR
930677386,OR
931258176,OR
931286461,OR
931326012,OR
931106826,OR
930684590,OR
931327578,OR
814162420,OR
061670156,OR
464157511,OR
930562088,OR
261367020,OR
911770055,OR
461971865,OR
271944408,OR
936032268,OR
460721542,OR
930811442,OR
930961570,OR
237060947,OR
453508575,OR
931221889,OR
208308559,OR
931150833,OR
237348164,OR
204086866,OR
237045090,OR
814106888,OR
542152795,OR
936021939,OR
020737091,OR
201630000,OR
931025009,OR
260567618,OR
271496209,OR
464052366,OR
813197542,OR
930893768,OR
931233200,OR
936031806,OR
813185334,OR
453737474,OR
943119221,OR
931021528,OR
237103770,OR
810668011,OR
475664738,OR
371644007,OR
010963830,OR
330592687,OR
942852898,OR
204976991,OR
930819008,OR
462817363,OR
930796047,OR
621553485,OR
452997634,OR
930567668,OR
931264236,OR
931227446,OR
331040546,OR
912161100,OR
931308694,OR
384089823,OR
521225552,OR
474626578,OR
814260987,OR
471025517,OR
930548981,OR
936037558,OR
208584460,OR
481266537,OR
264412622,OR
916478597,OR
471745547,OR
931058942,OR
930786938,OR
931269604,OR
936025146,OR
954713028,OR
930966578,OR
753040538,OR
861050758,OR
331217152,OR
931097994,OR
463026178,OR
800013151,OR
931269595,OR
931094260,OR
931300238,OR
821553688,OR
813455589,OR
472535169,OR
465304834,OR
931183146,OR
930340564,OR
474506949,OR
541772092,OR
264327889,OR
930854176,OR
510142808,OR
571197371,OR
421641386,OR
931313097,OR
931047418,OR
461226267,OR
931132511,OR
300284653,OR
936033131,OR
936031587,OR
943099112,OR
931075122,OR
481279249,OR
208876486,OR
931075590,OR
931153499,OR
930806812,OR
931129765,OR
812678889,OR
936024641,OR
930828770,OR
931166262,OR
262941918,OR
825149973,OR
930863357,OR
931034991,OR
930782729,OR
463270082,OR
463397873,OR
936022190,OR
930819971,OR
261658764,OR
930967972,OR
201531948,OR
475389198,OR
930699926,OR
900871479,OR
930675895,OR
936042018,OR
930743423,OR
930622244,OR
810835246,OR
582295444,OR
930940794,OR
930987536,OR
931097559,OR
931311167,OR
931254945,OR
931274057,OR
760767257,OR
930439881,OR
931219346,OR
930777444,OR
930852846,OR
201116696,OR
208159423,OR
930807441,OR
931225561,OR
455045072,OR
510172407,OR
200739869,OR
273281112,OR
936032285,OR
264305255,OR
936021870,OR
710876738,OR
930887878,OR
931043552,OR
930874410,OR
223938766,OR
841719211,OR
931084364,OR
936018713,OR
900804306,OR
742697459,OR
814341457,OR
930850001,OR
931109051,OR
931184627,OR
931140242,OR
510184181,OR
930410967,OR
931042563,OR
821298953,OR
930565413,OR
271632226,OR
931238207,OR
943226021,OR
930362329,OR
931009464,OR
237134899,OR
270634230,OR
930887465,OR
930874399,OR
936034897,OR
930666934,OR
261257649,VA
936042747,OR
813903630,OR
930638559,OR
930940415,OR
930987152,OR
465679466,OR
205429586,OR
460509235,OR
237082966,OR
462460546,OR
936027332,OR
930773246,OR
931066644,OR
200621140,OR
930695812,OR
811424390,OR
272758567,OR
931271605,OR
813988945,OR
237181141,OR
931255273,OR
930753301,OR
930919687,OR
930733212,OR
371546983,OR
262100569,OR
821743152,OR
931242942,OR
930753282,OR
936023422,OR
461574672,OR
930513277,OR
931285875,OR
831791886,OR
930507032,OR
510142069,OR
900982755,OR
562474186,OR
911821228,OR
931309708,OR
203645281,OR
931305551,OR
811069257,OR
900674673,OR
943154534,OR
943085810,OR
931254596,OR
931221480,OR
930770824,OR
936244848,OR
930803479,OR
931261879,OR
931299198,OR
943090360,OR
931041531,OR
204720946,OR
471525927,OR
930754383,OR
931277264,OR
931026405,OR
931327349,OR
936039243,OR
930785430,OR
931282178,OR
680504310,OR
931298930,OR
930829392,OR
465726498,OR
203689098,OR
237079756,OR
930893329,OR
931099580,OR
931120523,OR
911342266,OR
571163386,OR
204320162,OR
930843972,OR
930916480,OR
453556042,OR
936031088,OR
412097467,OR
721601129,OR
237315205,OR
931230794,OR
237287219,OR
931130933,OR
930819924,OR
721080009,OR
930910219,OR
931289408,OR
811215439,OR
931029928,OR
263386506,OR
813687019,OR
930811518,OR
826668184,OR
471207275,OR
930897161,OR
930477693,OR
943064791,OR
931212638,OR
812964248,OR
461677836,OR
930712073,OR
272149373,OR
931223362,OR
237145928,OR
936027259,OR
930900348,OR
931241903,OR
930247078,OR
931330280,OR
465733896,OR
274638467,OR
421639852,OR
471029584,OR
930820636,OR
204173622,OR
931062674,OR
930958673,OR
264524646,OR
931279100,OR
931062602,OR
475671586,OR
813331392,OR
930982814,OR
237259232,OR
203753519,OR
271155737,OR
930397450,OR
930982043,OR
936031735,OR
432073030,OR
200260940,OR
930943532,OR
510190941,OR
810831911,OR
930959028,OR
930400919,OR
371495367,OR
942861429,OR
931330169,OR
471987056,OR
461470791,OR
936018725,OR
471306822,OR
931097428,OR
237394955,WA
472095517,OR
930958235,OR
203828872,OR
931276893,OR
611778734,OR
261599917,OR
470932186,OR
510169193,OR
930337087,OR
931231772,OR
510161854,OR
273063777,OR
930697553,OR
931298556,OR
273871563,OR
931187963,OR
931313422,OR
930205185,OR
930494634,OR
931289822,OR
931242512,OR
275193018,OR
900594189,OR
931207103,OR
931314716,OR
943112825,OR
930697842,OR
300125019,OR
931330372,OR
930862849,OR
931250187,OR
462026430,OR
462101235,OR
412143169,OR
930821228,OR
260109326,OR
931143126,OR
261080725,OR
510162727,OR
593541644,OR
352367418,OR
472032979,OR
237281893,OR
930122393,OR
931247254,OR
943059469,OR
931004833,OR
203697725,OR
471158839,OR
320464221,OR
931264617,OR
464720635,OR
203769036,OR
824958794,OR
930656636,OR
510211528,OR
465178920,OR
930829479,OR
462820281,OR
931175815,OR
203159482,OR
237122757,OR
475387192,OR
936036295,OR
936033850,OR
465424290,OR
550829090,OR
870704979,OR
462685581,OR
931233090,OR
205895894,OR
208786532,OR
931056759,OR
205105004,OR
943183249,OR
611624592,OR
930684661,OR
931148843,OR
930994576,OR
464270963,OR
931314301,OR
271644080,OR
452605110,OR
050595291,OR
931013398,OR
815036051,OR
421560920,OR
930397136,OR
262327547,OR
936030762,OR
942993874,OR
931066694,OR
911774616,OR
931038276,OR
931067923,OR
460952524,OR
931186618,OR
930569119,OR
840996133,OR
930122425,OR
931000037,OR
930858359,OR
931244533,OR
930816115,OR
472562099,OR
521251318,OR
931158030,OR
930897901,OR
931286382,OR
822384121,OR
464451422,OR
931241577,OR
237154746,OR
936032315,OR
731636316,WI
830644737,OR
680639011,OR
931247105,OR
237368589,OR
521234726,OR
813316639,OR
931165763,OR
930846953,OR
936039311,OR
900837853,OR
264255683,OR
470877475,OR
264061183,OR
943098012,OR
237415288,OR
270540733,OR
936042643,OR
931035026,OR
271053594,OR
208188262,OR
237399406,OR
813417884,OR
814149943,OR
237135596,OR
237092591,OR
943152616,OR
931113175,OR
930837916,OR
510256096,OR
020552421,OR
510227055,OR
930550644,OR
474629716,OR
930805016,OR
760754078,OR
931208325,OR
473047533,OR
911764475,OR
936022790,OR
911544328,OR
931100264,OR
930853812,OR
474732971,OR
472177760,OR
262195320,OR
931043523,OR
260245940,OR
814716253,OR
237439381,OR
481287863,OR
275081779,OR
943107027,OR
931196726,OR
237345364,OR
931302578,OR
930713781,OR
452963443,OR
472521692,OR
930995578,OR
412061683,OR
930874432,OR
274298250,OR
237029994,OR
550861556,OR
274830944,OR
930879802,OR
271493650,OR
465637009,OR
931157192,OR
364607269,OR
931272652,OR
421593582,OR
911780273,OR
966032440,OR
261522341,OR
931104549,OR
930995996,OR
271649450,OR
911980483,OR
811360227,OR
680520643,OR
452877687,OR
208827624,OR
930395578,OR
300032449,OR
930190741,OR
311713660,OR
271016835,OR
477005374,OR
473786430,OR
936024156,OR
930857934,OR
272885958,OR
237120819,OR
936090337,OR
237368579,OR
930988350,OR
452569510,OR
930115853,OR
931320592,OR
936015456,OR
800679409,OR
474727605,OR
352148520,IN
814466161,WA
824001602,OR
237302688,OR
464262461,OR
943030994,OR
931275613,OR
710967169,OR
276773967,OR
472365488,OR
270946165,OR
931294469,OR
930940603,OR
931126001,OR
261298799,OR
465582316,OR
331118832,OR
943128757,OR
202879501,OR
936032782,OR
930829936,OR
931186893,OR
931048764,OR
930756481,OR
931161269,OR
931276618,OR
930717009,OR
261642522,OR
930584501,OR
521656369,OR
462005159,OR
930870333,OR
800012083,OR
931064943,OR
205654967,OR
936033126,OR
621851865,OR
930574260,OR
930858599,OR
930903879,OR
270226308,OR
237327825,OR
930995219,OR
930424504,OR
943098301,OR
931216640,OR
270756406,OR
364601343,OR
930775578,OR
202830541,OR
931286393,OR
274287533,OR
237052840,OR
911852358,OR
931204730,OR
412126386,OR
930856384,OR
936031460,OR
237216447,OR
272482630,OR
611524236,OR
823136048,OR
930122385,OR
411958210,OR
237071993,OR
367209834,OR
931186736,OR
931092929,OR
930702277,OR
936191755,OR
770617778,OR
943209192,OR
943214285,OR
472408068,OR
931276769,OR
931289833,OR
931320379,OR
760700922,OR
812465668,OR
930912572,OR
930773842,OR
930764414,OR
237098425,OR
930856470,OR
930901900,OR
203111760,OR
931276720,OR
831094014,OR
770611443,OR
237450919,OR
260027317,OR
930999250,OR
261678678,OR
320195682,OR
800312475,OR
931310311,OR
931239097,OR
731640746,OR
930392683,OR
463715050,OR
270187676,OR
930835410,OR
930999701,OR
814331870,OR
943096883,OR
930677641,OR
208369435,OR
204809637,OR
931158664,OR
931148486,OR
141907756,OR
936031760,OR
911755378,OR
460993795,OR
930892985,OR
237017185,OR
936037881,OR
134215851,OR
461791919,OR
473811062,OR
824865861,OR
262469712,OR
474972100,OR
930580887,OR
274646938,OR
202134233,OR
930978352,OR
931280694,OR
931056194,OR
521736505,OR
753059316,OR
930881830,OR
473264821,OR
461015330,OR
272796721,OR
930996244,OR
930801714,OR
463409215,OR
680637964,OR
931170216,OR
931115379,OR
237224578,OR
931230420,OR
911787579,OR
261113127,OR
812484991,OR
930884562,OR
931185282,OR
936119287,OR
931228977,OR
936024017,OR
271548912,OR
931038512,OR
931087949,OR
466121125,OR
936031141,OR
201787653,OR
930122390,OR
237169041,OR
936026250,OR
521928872,OR
208902741,OR
470881224,OR
931242459,OR
930850382,OR
466119666,OR
452663088,OR
930502153,OR
930989657,OR
263757820,OR
453863698,OR
814679941,OR
113136497,OR
930979488,OR
510185564,OR
931258849,OR
931174506,OR
931285644,OR
930690903,OR
475311752,OR
472470494,OR
391807696,OR
931312647,OR
930771865,OR
943198757,OR
364863623,OR
452197013,OR
931287717,OR
271653864,OR
461821254,OR
421640600,OR
261417006,OR
010726380,OR
200028509,OR
474952470,OR
936051030,OR
930886061,OR
823283045,OR
453345126,OR
930943130,OR
911796288,OR
930446672,OR
930910234,OR
743096375,OR
931294466,OR
264235672,OR
473612482,OR
930853686,OR
930519736,OR
931285648,OR
352585335,OR
821813804,OR
943157764,OR
930686750,OR
931265673,OR
273582260,OR
943205104,OR
470855430,OR
936042400,OR
936195939,OR
812481360,OR
201547206,OR
930857989,OR
472574704,OR
331009285,OR
931304439,OR
930796217,OR
271794626,OR
273086678,OR
451135252,OR
271791873,OR
931031070,OR
930752600,OR
931298303,OR
931143472,OR
931232422,OR
930896073,OR
811573942,OR
930400372,OR
930907744,OR
931283146,OR
911822239,OR
930785154,OR
931321063,OR
812713515,OR
822222139,OR
204713989,OR
824304225,OR
930349442,OR
930762595,OR
931197320,OR
930962108,OR
820788303,OR
263820953,OR
203619795,OR
930990464,OR
930835722,OR
931303274,OR
930928814,OR
931300121,OR
930701294,OR
465023328,OR
931207370,OR
473247370,OR
020712956,OR
462889070,OR
463057939,OR
930820912,OR
930800768,OR
931280522,OR
931270935,OR
930679416,OR
522436010,OR
264788438,OR
930525068,OR
931254987,OR
383893131,OR
930704796,OR
272411014,OR
931106697,OR
475167050,OR
931314220,OR
472595190,OR
465673059,OR
930875917,OR
311522026,OR
931077501,OR
931119213,OR
936039389,OR
930578834,OR
201362997,OR
931174901,OR
931115801,OR
930751684,OR
942722106,OR
202781996,OR
943140269,OR
930976486,OR
812847064,OR
930871543,OR
841628762,OR
900085661,OR
931060714,OR
930810431,OR
911625257,OR
050601715,OR
453261827,OR
831059995,OR
800756488,OR
522453073,OR
261892087,OR
812297919,OR
475292006,OR
320420513,OR
263041076,OR
931214695,OR
473763845,OR
822665900,OR
141878007,OR
931287372,OR
203502211,OR
237020094,OR
811131487,OR
383808939,OR
931184634,OR
811047947,OR
320243477,OR
200673928,OR
136020675,OR
930671244,OR
454503149,OR
710956226,OR
474545007,OR
930698068,OR
931098470,OR
930700028,OR
203369130,OR
205379466,OR
931303957,OR
931248930,OR
202196599,OR
911765644,OR
273985461,OR
272495880,OR
823838234,OR
272389205,OR
823986580,OR
800001070,OR
475187256,OR
311779607,OR
330527279,OR
510209468,OR
300717482,OR
931173319,OR
930790718,OR
300517572,OR
931238896,OR
320395416,OR
462204806,OR
383895453,OR
432015371,OR
936022991,OR
936024531,OR
453668320,OR
943069551,OR
453029010,OR
262702013,OR
931312098,OR
930972921,OR
931210299,OR
930796630,OR
911790733,OR
582677579,OR
412083662,OR
431987552,OR
412127869,OR
465142735,OR
931032535,OR
930821839,OR
931283075,OR
611781080,OR
264001578,OR
800601286,OR
471079547,OR
943200193,OR
930553521,OR
931250973,OR
930695078,OR
464732316,OR
936195940,OR
261556832,OR
931325993,OR
251842951,OR
930907054,OR
931268479,OR
830585855,OR
936126351,OR
208915936,OR
204763521,OR
900474733,OR
383926837,OR
454153612,OR
911750848,OR
930834496,OR
352144696,OR
936032331,OR
271592836,OR
931243352,OR
562403599,OR
201175828,OR
931260293,OR
931149352,OR
562298481,OR
270256545,OR
931088268,OR
474287703,OR
273466796,OR
930785505,OR
931263893,OR
821944001,OR
930742692,OR
208405004,OR
562503291,OR
931048886,OR
814182290,OR
930505496,OR
371450438,OR
930925413,OR
931319640,OR
936030780,OR
274481321,OR
260323736,OR
464591707,OR
823146658,OR
800337974,OR
990343715,OR
274317402,OR
273513949,OR
450572504,OR
263438492,OR
465353130,OR
473202101,OR
202565119,OR
320080103,OR
020696828,OR
271150049,OR
363993400,OR
261491703,OR
237003556,OR
650261499,OR
473552895,OR
930511586,OR
800369743,OR
061824792,OR
936030802,OR
931059448,OR
472324722,OR
611671854,OR
810609839,OR
474351088,OR
930795245,OR
931296528,OR
471286122,OR
814609508,OR
300599968,OR
562305402,OR
943119916,OR
931083228,OR
205786825,OR
930915893,OR
954742537,OR
936032421,OR
300345082,OR
810624290,OR
260359565,OR
452411032,OR
811065255,OR
822760935,OR
371498455,OR
650666083,OR
912182630,OR
931273220,OR
931165080,OR
453615242,OR
815385777,OR
472001553,OR
161723839,OR
204857327,OR
911861534,OR
931234370,OR
931256947,OR
900116481,OR
262713287,OR
832113448,OR
931274419,OR
237067165,OR
273157671,OR
931155530,OR
911814381,OR
261173690,OR
352451593,OR
930933074,OR
931039552,OR
204549899,OR
930862401,OR
811454455,OR
931287776,OR
931141304,OR
455581797,OR
460927855,OR
943217293,OR
936041445,OR
930728419,OR
831108767,OR
931272247,OR
030443752,MA
342060424,OR
472811695,OR
680561139,OR
930396580,OR
320406192,OR
814000029,OR
931131634,OR
861090663,OR
930990032,OR
930853003,OR
943115733,OR
930792878,OR
936228665,OR
931114472,OR
203510876,OR
931191742,OR
815373743,OR
931298622,OR
931281780,OR
463614788,OR
571211027,OR
521707540,OR
460926553,OR
943166128,OR
931057209,OR
264294205,OR
931303510,OR
930699033,OR
261446600,OR
931313759,OR
930765047,OR
931159949,OR
911859464,OR
930875493,OR
203503022,OR
272261145,OR
263253246,OR
453985175,OR
611656232,OR
462647856,OR
473036255,OR
510186450,OR
830681234,OR
814766461,OR
930757370,OR
205820467,OR
936095992,OR
930742167,OR
263479370,OR
263815821,OR
931081765,OR
930877982,OR
261985641,OR
814027478,OR
453857833,OR
931251849,OR
364644543,OR
272421262,OR
510653869,OR
841446872,OR
272948427,OR
930815287,OR
311602160,OR
204687854,OR
815070708,OR
931270010,OR
205716913,OR
943202187,OR
931070640,OR
460511105,OR
460579356,OR
472392210,OR
823182536,OR
066542543,OR
472074868,OR
931170115,OR
931030288,OR
264574969,OR
931313553,OR
201234271,OR
841643891,OR
261627553,OR
800524973,OR
811698585,OR
931323151,OR
812416094,OR
930589575,OR
831777742,OR
463581383,OR
931252622,OR
930740269,OR
471040699,OR
300088162,OR
270673016,OR
237088099,OR
474906390,OR
930977318,OR
800711747,OR
930945857,OR
471340974,OR
936196643,OR
811499529,OR
274255274,OR
931106185,OR
810868870,OR
204934658,OR
542131988,OR
472174084,OR
262427326,OR
931210441,OR
936037112,OR
931248893,OR
475438716,OR
931279875,OR
464345524,OR
800025789,OR
814793881,OR
931324806,OR
465606823,OR
822111662,OR
814045731,OR
930854219,OR
237439847,OR
611581305,OR
473675170,OR
300880421,OR
043665932,OR
465710694,OR
521878291,OR
832031801,OR
931328927,OR
208474298,OR
936271849,OR
936031101,OR
936036227,OR
475111027,OR
931282271,OR
136271781,OR
300944174,OR
800579794,OR
270614032,OR
300961862,OR
392031878,OR
931192255,OR
814004992,OR
300499063,OR
931230410,OR
202273354,OR
870744370,OR
464234507,OR
821584889,OR
736358753,AR
936031416,OR
825322756,OR
134346699,OR
208299156,OR
931221179,OR
453932513,OR
475254029,OR
471754298,OR
930885744,OR
203871673,OR
931158097,OR
814543096,OR
331009856,OR
822864433,OR
830349515,OR
930511908,OR
200501051,OR
956056000,OR
273150456,OR
943447312,ID
931269133,OR
260336470,OR
936289177,OR
931294554,OR
813681516,OR
455435716,OR
261902048,OR
931263338,OR
943349298,OR
753066447,OR
270197357,OR
953392440,OR
930801570,OR
911803767,OR
455561492,OR
831348199,OR
271440828,CA
820966138,OR
936031249,OR
203000153,OR
203903141,OR
930883707,OR
830671556,OR
911837434,OR
266048651,OR
206343276,OR
931219455,OR
931236922,OR
203861257,OR
931001600,OR
510432788,OR
900419150,OR
200156954,OR
936289245,OR
931225609,OR
454377765,OR
936039865,OR
205784148,OR
931249351,OR
237279838,OR
931104183,OR
931214663,OR
264769434,OR
202063394,OR
202033108,OR
742786643,OR
812530190,OR
813036802,OR
464975664,OR
931263775,OR
930576772,OR
383911918,OR
931295219,OR
931229766,OR
824615622,OR
465479956,OR
471775160,OR
270355324,OR
831564510,OR
821179415,OR
836424167,OR
475249657,OR
201893556,OR
931255443,OR
900130023,OR
831698201,OR
453083519,OR
931262611,OR
451677876,OR
900037690,OR
931266528,OR
465750044,OR
264052358,OR
204784224,OR
465343478,OR
465453562,OR
454436394,OR
263600065,OR
611808562,OR
263625967,OR
463491147,OR
743062911,OR
272615334,OR
205833567,OR
364799710,OR
200710628,OR
930923968,OR
931294148,OR
260331876,OR
465539824,OR
352358424,OR
452388905,OR
820789234,OR
832700554,OR
930115448,OR
830883398,OR
330801318,OR
465384846,OR
831888716,OR
930213346,OR
760822396,OR
931186426,OR
930196332,OR
753175249,OR
264282195,OR
930821381,OR
931145888,OR
936024847,OR
262841032,OR
200193726,OR
812291013,OR
454200585,OR
831883790,OR
810787535,OR
200745324,OR
821769255,OR
931323700,OR
471766346,OR
320186526,OR
753126440,OR
203718301,OR
930957828,OR
931120979,OR
812761323,OR
930848543,OR
936032207,OR
237448039,OR
870772923,OR
822416126,OR
205827885,OR
930858034,OR
930280675,OR
931010259,OR
931280227,OR
465142085,OR
943039356,OR
930957805,OR
821475752,OR
237590334,OR
930388552,OR
461684147,OR
412051518,OR
930846229,OR
464016950,OR
710888906,OR
813588033,OR
474358868,OR
237576600,OR
460610844,OR
364647096,OR
930824786,OR
320271658,OR
271267946,OR
471558602,OR
931331068,OR
821600277,OR
930847345,OR
943079509,OR
571218484,OR
261328004,OR
461341465,OR
452832220,OR
272202171,OR
710943993,UT
237014575,OR
201037860,OR
461531875,OR
454942018,OR
455199840,OR
371549773,OR
273193555,OR
814453159,OR
464954487,OR
270507089,OR
452668211,OR
461212712,OR
200346455,OR
270252581,OR
931047123,OR
203696452,OR
731634376,OR
481295435,OR
930359007,OR
270360647,OR
465076159,OR
814819701,OR
412158712,OR
270321473,OR
454776446,OR
571212036,OR
471523429,OR
453163773,OR
812333671,OR
651191847,OR
911817860,OR
204753941,OR
204005130,OR
208230296,OR
263876947,OR
237092696,OR
931258164,OR
814595421,OR
931314273,OR
421621398,OR
811293143,OR
237119017,OR
930487624,OR
274103153,OR
931314285,OR
931224062,OR
272071808,OR
264324314,OR
821218990,OR
463547048,OR
931309803,OR
931108045,OR
461288532,OR
237590384,OR
450484346,OR
812099468,OR
237368586,OR
931253547,OR
810816779,OR
472561826,OR
931099710,OR
222501685,OR
562404718,OR
930862177,OR
931314758,OR
300589189,OR
813883446,OR
300804863,OR
930668948,OR
931186118,OR
936030709,OR
453198549,OR
260310578,OR
930842634,OR
204347954,OR
208555846,OR
812338492,OR
936032318,OR
260012678,OR
270697445,OR
273869069,OR
930922086,OR
931206348,OR
462479571,OR
931136962,OR
930714387,OR
810814063,OR
931320785,OR
462465406,OR
462437497,OR
200319837,OR
931216961,OR
541821205,OR
931094863,OR
300778885,OR
474359287,OR
474327780,WA
274608399,OR
